&&systemdata\AppLoader.ldr,cc1d432f
&&systemdata\Game.toc,2138143a
&&systemdata\ISO.hdr,3d5c51df
&&systemdata\Start.dol,a310fb03
audio\bgm\m000.trk,2b0c7378
audio\bgm\m001.trk,f5c29833
audio\bgm\m002.trk,8184c0a8
audio\bgm\m003.trk,78b5d845
audio\bgm\m004.trk,8d7222b1
audio\bgm\m005.trk,4c7a0a10
audio\bgm\m006.trk,70bcd19e
audio\bgm\m007.trk,ee0a59cc
audio\bgm\m008.trk,94a6efbb
audio\bgm\m009.trk,fa4b7bcb
audio\bgm\m010.trk,15270983
audio\bgm\m011.trk,8891f473
audio\bgm\m012.trk,004a1924
audio\bgm\m013.trk,1cdd3fe3
audio\bgm\m014.trk,ec73624d
audio\bgm\m015.trk,50e1a387
audio\bgm\m016.trk,85f766c5
audio\bgm\m017.trk,7b3c4b18
audio\bgm\m018.trk,8d428be5
audio\bgm\m019.trk,b44a524d
audio\bgm\m020.trk,4178ec9b
audio\bgm\m021.trk,b593ab46
audio\bgm\m040.trk,31fa3dd7
audio\bgm\m041.trk,958da9d1
audio\bgm\m042.trk,6eee0df1
audio\bgm\m043.trk,a58fad6a
audio\bgm\m044.trk,27bdd004
audio\bgm\m045.trk,905df740
audio\bgm\m046.trk,995425d8
audio\bgm\m047.trk,656c982b
audio\bgm\m048.trk,fd221d72
audio\bgm\m049.trk,801c33e8
audio\bgm\m050.trk,97af57c5
audio\bgm\m051.trk,db88c294
audio\bgm\m052.trk,17190e0b
audio\bgm\m053.trk,f7938bfa
audio\bgm\m054.trk,eea164ce
audio\bgm\m055.trk,eedb0295
audio\bgm\m056.trk,b49735b5
audio\bgm\m057.trk,eea58b07
audio\bgm\m058.trk,797725a5
audio\bgm\m059.trk,8299f344
audio\bgm\m060.trk,d8e9291d
audio\bgm\m061.trk,71380da8
audio\bgm\m062.trk,a936a631
audio\bgm\m063.trk,a59e60b5
audio\bgm\m064.trk,94ad5279
audio\bgm\m065.trk,9988edb2
audio\bgm\m066.trk,c5144818
audio\bgm\m067.trk,87836670
audio\bgm\m068.trk,1e8ff190
audio\bgm\m069.trk,aa39c396
audio\bgm\m070.trk,88691798
audio\bgm\m071.trk,b8dc3dac
audio\bgm\m080.trk,a1edf5ae
audio\bgm\m081.trk,e306e5d4
audio\bgm\m082.trk,cfa304ca
audio\bgm\m083.trk,b4e9bedc
audio\bgm\m100.trk,7fb4511a
audio\bgm\m101.trk,b783f64d
audio\bgm\m102.trk,f9290b49
audio\bgm\m103.trk,c8dd061c
audio\bgm\m104.trk,1a6fd400
audio\bgm\m105.trk,02f13455
audio\bgm\m106.trk,09d8da94
audio\bgm\m107.trk,2b94b125
audio\bgm\m108.trk,67128c51
audio\bgm\m109.trk,00382979
audio\bgm\m110.trk,06c28534
audio\bgm\m111.trk,272f71dd
audio\bgm\m112.trk,582d2f2d
audio\bgm\m113.trk,988b3d78
audio\bgm\m114.trk,befad39d
audio\bgm\m115.trk,c8043724
audio\bgm\m116.trk,a8208b92
audio\bgm\m117.trk,4416526e
audio\bgm\m118.trk,97989e2e
audio\bgm\m119.trk,0b264157
audio\bgm\m120.trk,aa6cce47
audio\bgm\m121.trk,b199886a
audio\bgm\m122.trk,dce68593
audio\bgm\m123.trk,04c167d8
audio\bgm\m124.trk,0ce155a9
audio\bgm\m125.trk,a6236b72
audio\bgm\m126.trk,de1a72b9
audio\bgm\m127.trk,43c047d8
audio\bgm\m128.trk,7fe4580e
audio\bgm\m129.trk,4c8d53ae
audio\bgm\m130.trk,52eb806e
audio\bgm\m131.trk,cfa088c3
audio\bgm\m132.trk,64d108ec
audio\bgm\m133.trk,f6125f56
audio\bgm\m134.trk,2e758c76
audio\bgm\m135.trk,414d6fcd
audio\bgm\m136.trk,50628cd1
audio\bgm\m137.trk,dd09fb7e
audio\bgm\m138.trk,78dd96ca
audio\bgm\m139.trk,2b3e1a35
audio\bgm\m140.trk,8b407835
audio\bgm\m141.trk,527a64c6
audio\bgm\m142.trk,0546f64e
audio\bgm\m143.trk,0ffab0f0
audio\bgm\m144.trk,ef10d62a
audio\bgm\m145.trk,07a622bf
audio\bgm\m146.trk,c11c2f07
audio\bgm\m147.trk,29621913
audio\bgm\m148.trk,775dd6bb
audio\bgm\m149.trk,17b8692b
audio\bgm\m150.trk,e0091313
audio\bgm\m151.trk,68d6b6fa
fpack\aki\m_nfile.seq,4ab9b4ce
fpack\aki\m_nsiki.seq,12f2c049
fpack\aki\m_title.seq,e95f68f1
fpack\ame\m_entry.seq,2c01647a
fpack\chr\hr\ank\0000.dat,66cea8b0
fpack\chr\hr\ank\0000.jcv,a1a356fc
fpack\chr\hr\ank\0000.mot,942698e1
fpack\chr\hr\ank\0001.mot,eacbe0ca
fpack\chr\hr\ank\0100.dat,bcd07f8a
fpack\chr\hr\ank\0100.jcv,a1a356fc
fpack\chr\hr\ank\1000.dat,d158ad31
fpack\chr\hr\ank\1000.jcv,36383d31
fpack\chr\hr\ank\1000.txg,d3c56715
fpack\chr\hr\ank\1001.txg,c327cfab
fpack\chr\hr\ank\1100.dat,7702c629
fpack\chr\hr\ank\1100.jcv,0d227a7f
fpack\chr\hr\ank\1101.dat,9e16ffd6
fpack\chr\hr\ank\1101.jcv,f44c3e8d
fpack\chr\hr\ank\1102.dat,1a05f2be
fpack\chr\hr\ank\1102.jcv,f44c3e8d
fpack\chr\hr\ank\1103.dat,efa14acc
fpack\chr\hr\ank\1103.jcv,f44c3e8d
fpack\chr\hr\ank\1300.txg,52979844
fpack\chr\hr\ank\2000.ptl,cb612fe0
fpack\chr\hr\ank\2000.ref,3b760f43
fpack\chr\hr\ank\2000.txg,79b7ab32
fpack\chr\hr\ank\3000.poo,4a766033
fpack\chr\hr\ank\3000.pro,003c7697
fpack\chr\hr\ank\3000.sam,b03dbf36
fpack\chr\hr\ank\3000.sdi,cffd6e42
fpack\chr\hr\ank\4000.txg,34102ed9
fpack\chr\hr\ank\4100.txg,8bf8f372
fpack\chr\hr\ank\4300.txg,8e00c847
fpack\chr\hr\bou\0000.dat,5d9b32d0
fpack\chr\hr\bou\0000.jcv,6e28072b
fpack\chr\hr\bou\0000.mot,d4599425
fpack\chr\hr\bou\0001.mot,448aaea5
fpack\chr\hr\bou\0010.dat,40d1313b
fpack\chr\hr\bou\0010.jcv,9a3f94d7
fpack\chr\hr\bou\0100.dat,9530f4fb
fpack\chr\hr\bou\0100.jcv,6e28072b
fpack\chr\hr\bou\0110.dat,03cb6567
fpack\chr\hr\bou\0110.jcv,9a3f94d7
fpack\chr\hr\bou\1000.dat,ae2f0d00
fpack\chr\hr\bou\1000.jcv,0d227a7f
fpack\chr\hr\bou\1000.txg,d3c56715
fpack\chr\hr\bou\1001.dat,fc4bacce
fpack\chr\hr\bou\1001.jcv,082ec525
fpack\chr\hr\bou\1001.txg,c327cfab
fpack\chr\hr\bou\1002.dat,4d446be3
fpack\chr\hr\bou\1002.jcv,082ec525
fpack\chr\hr\bou\1002.mot,72df06db
fpack\chr\hr\bou\1003.dat,0111f91e
fpack\chr\hr\bou\1003.jcv,082ec525
fpack\chr\hr\bou\1004.dat,e7dc479b
fpack\chr\hr\bou\1004.jcv,3ef51809
fpack\chr\hr\bou\1005.dat,4f72d2c3
fpack\chr\hr\bou\1005.jcv,8e3e91b7
fpack\chr\hr\bou\1006.dat,1e90a6cd
fpack\chr\hr\bou\1006.jcv,a63a24cd
fpack\chr\hr\bou\1007.dat,f99a396b
fpack\chr\hr\bou\1007.jcv,8e3e91b7
fpack\chr\hr\bou\1008.dat,e0e40d6c
fpack\chr\hr\bou\1008.jcv,9a3adfc4
fpack\chr\hr\bou\1100.dat,56cf950a
fpack\chr\hr\bou\1100.jcv,9150e6cc
fpack\chr\hr\bou\1300.txg,23e50e2b
fpack\chr\hr\bou\2000.ptl,407c1af5
fpack\chr\hr\bou\2000.ref,706efd31
fpack\chr\hr\bou\2000.txg,9e054c47
fpack\chr\hr\bou\3000.poo,650dac47
fpack\chr\hr\bou\3000.pro,9b41a410
fpack\chr\hr\bou\3000.sam,d04cab1a
fpack\chr\hr\bou\3000.sdi,f4e27abc
fpack\chr\hr\bou\4000.txg,79dd3ded
fpack\chr\hr\bou\4100.txg,4f1bfaac
fpack\chr\hr\bou\4300.txg,86ada619
fpack\chr\hr\cho\0000.dat,8bb17a3b
fpack\chr\hr\cho\0000.jcv,0d1baf3c
fpack\chr\hr\cho\0000.mot,68f42907
fpack\chr\hr\cho\0001.mot,251520d2
fpack\chr\hr\cho\0010.dat,4069aa7f
fpack\chr\hr\cho\0010.jcv,e91980b8
fpack\chr\hr\cho\0100.dat,0698dd71
fpack\chr\hr\cho\0100.jcv,0d1baf3c
fpack\chr\hr\cho\0110.dat,221a07fc
fpack\chr\hr\cho\0110.jcv,e91980b8
fpack\chr\hr\cho\1000.dat,8f0c9ec6
fpack\chr\hr\cho\1000.jcv,227a4e0e
fpack\chr\hr\cho\1000.txg,d3c56715
fpack\chr\hr\cho\1001.dat,d158ad31
fpack\chr\hr\cho\1001.jcv,36383d31
fpack\chr\hr\cho\1001.txg,c327cfab
fpack\chr\hr\cho\1002.dat,0ed6f717
fpack\chr\hr\cho\1002.jcv,e2fa2346
fpack\chr\hr\cho\1002.mot,ed9cea25
fpack\chr\hr\cho\1003.dat,420070b2
fpack\chr\hr\cho\1003.jcv,e2fa2346
fpack\chr\hr\cho\1100.dat,56cf950a
fpack\chr\hr\cho\1100.jcv,9150e6cc
fpack\chr\hr\cho\1300.txg,3b08ffca
fpack\chr\hr\cho\2000.ptl,b0316dbe
fpack\chr\hr\cho\2000.ref,3773330a
fpack\chr\hr\cho\2000.txg,e35034db
fpack\chr\hr\cho\2002.ptl,b0316dbe
fpack\chr\hr\cho\2002.ref,3773330a
fpack\chr\hr\cho\2002.txg,e35034db
fpack\chr\hr\cho\3000.poo,39069f45
fpack\chr\hr\cho\3000.pro,7915d514
fpack\chr\hr\cho\3000.sam,fe17ed47
fpack\chr\hr\cho\3000.sdi,d7ea568d
fpack\chr\hr\cho\4000.txg,710c48fb
fpack\chr\hr\cho\4100.txg,ca7600a7
fpack\chr\hr\cho\4300.txg,b9fe4007
fpack\chr\hr\cmn\0000.mot,dd16ddee
fpack\chr\hr\cmn\1000.dat,c3c25b51
fpack\chr\hr\cmn\1000.jcv,85993981
fpack\chr\hr\cmn\1000.txg,fa9cc021
fpack\chr\hr\cmn\1001.dat,3f00501c
fpack\chr\hr\cmn\1001.jcv,ac04db24
fpack\chr\hr\cmn\1001.txg,02127965
fpack\chr\hr\cmn\1002.dat,060db2b7
fpack\chr\hr\cmn\1002.jcv,a63a24cd
fpack\chr\hr\cmn\1003.dat,75f2751a
fpack\chr\hr\cmn\1003.jcv,ba759a4a
fpack\chr\hr\cmn\1004.dat,ab5af5ae
fpack\chr\hr\cmn\1004.jcv,aabce80c
fpack\chr\hr\cmn\1005.dat,00d532eb
fpack\chr\hr\cmn\1005.jcv,8e3e91b7
fpack\chr\hr\cmn\1006.dat,fff78358
fpack\chr\hr\cmn\1006.jcv,911c94b7
fpack\chr\hr\cmn\1007.dat,da8d3cae
fpack\chr\hr\cmn\1007.jcv,01b5ae93
fpack\chr\hr\cmn\1008.dat,e163ee5c
fpack\chr\hr\cmn\1008.jcv,36383d31
fpack\chr\hr\cmn\1009.dat,8b35f410
fpack\chr\hr\cmn\1009.jcv,183357fe
fpack\chr\hr\cmn\1010.dat,508d05a0
fpack\chr\hr\cmn\1010.jcv,831031ca
fpack\chr\hr\cmn\1011.dat,28715f7b
fpack\chr\hr\cmn\1011.jcv,85993981
fpack\chr\hr\cmn\1012.dat,583e4c95
fpack\chr\hr\cmn\1012.jcv,5df46304
fpack\chr\hr\cmn\1013.dat,8f1f9ebf
fpack\chr\hr\cmn\1013.jcv,7f28a70a
fpack\chr\hr\cmn\1014.dat,6e881732
fpack\chr\hr\cmn\1014.jcv,3e79d8f4
fpack\chr\hr\cmn\2001.ptl,b5ec2a15
fpack\chr\hr\cmn\2001.ref,3b760f43
fpack\chr\hr\cmn\2001.txg,0a5b99b5
fpack\chr\hr\cmn\2002.ptl,4fb1351c
fpack\chr\hr\cmn\2002.ref,71cd160b
fpack\chr\hr\cmn\2002.txg,d9a2169a
fpack\chr\hr\cmn\4000.dat,19b80aec
fpack\chr\hr\cmn\4000.jcv,631172fe
fpack\chr\hr\cmn\4001.dat,257b872f
fpack\chr\hr\cmn\4001.jcv,631172fe
fpack\chr\hr\cmn\4002.dat,da64e8a1
fpack\chr\hr\cmn\4002.jcv,631172fe
fpack\chr\hr\cmn\4003.dat,28f071de
fpack\chr\hr\cmn\4003.jcv,631172fe
fpack\chr\hr\cmn\4004.dat,bbd35cd4
fpack\chr\hr\cmn\4004.jcv,631172fe
fpack\chr\hr\dog\0000.dat,64e6c5b8
fpack\chr\hr\dog\0000.jcv,fc1c2410
fpack\chr\hr\dog\0000.mot,1b9f54a3
fpack\chr\hr\dog\0001.mot,12b1c5c6
fpack\chr\hr\dog\0100.dat,1dd6dc77
fpack\chr\hr\dog\0100.jcv,fc1c2410
fpack\chr\hr\dog\1000.txg,d3c56715
fpack\chr\hr\dog\1001.txg,c327cfab
fpack\chr\hr\dog\1100.dat,125f23e9
fpack\chr\hr\dog\1100.jcv,8147c30f
fpack\chr\hr\dog\1101.dat,ab401804
fpack\chr\hr\dog\1101.jcv,9150e6cc
fpack\chr\hr\dog\1300.txg,73d91df5
fpack\chr\hr\dog\2000.ptl,be8bc675
fpack\chr\hr\dog\2000.ref,f38ebba8
fpack\chr\hr\dog\2000.txg,24c487d7
fpack\chr\hr\dog\3000.poo,f8aedcee
fpack\chr\hr\dog\3000.pro,2420b15f
fpack\chr\hr\dog\3000.sam,38599d66
fpack\chr\hr\dog\3000.sdi,21ef62b0
fpack\chr\hr\dog\4000.txg,68ddb422
fpack\chr\hr\dog\4100.txg,8b0e881b
fpack\chr\hr\gai\0000.dat,8c9dbea3
fpack\chr\hr\gai\0000.jcv,3ac695f5
fpack\chr\hr\gai\0000.mot,8fd0f7d0
fpack\chr\hr\gai\0001.mot,247f0e16
fpack\chr\hr\gai\0100.dat,303b0bcc
fpack\chr\hr\gai\0100.jcv,3ac695f5
fpack\chr\hr\gai\1000.dat,fe4879bb
fpack\chr\hr\gai\1000.jcv,fb6f5687
fpack\chr\hr\gai\1000.txg,d3c56715
fpack\chr\hr\gai\1001.dat,d158ad31
fpack\chr\hr\gai\1001.jcv,36383d31
fpack\chr\hr\gai\1001.txg,c327cfab
fpack\chr\hr\gai\1002.dat,5094ffa4
fpack\chr\hr\gai\1002.jcv,8e3e91b7
fpack\chr\hr\gai\1003.dat,55b74e37
fpack\chr\hr\gai\1003.jcv,0a73e63a
fpack\chr\hr\gai\1004.dat,843c1377
fpack\chr\hr\gai\1004.jcv,aabce80c
fpack\chr\hr\gai\1005.dat,d9ffd378
fpack\chr\hr\gai\1005.jcv,8e3e91b7
fpack\chr\hr\gai\1006.dat,ef85a6c8
fpack\chr\hr\gai\1006.jcv,60a23f72
fpack\chr\hr\gai\1007.dat,0f25e569
fpack\chr\hr\gai\1007.jcv,8e3e91b7
fpack\chr\hr\gai\1008.dat,70dc35d1
fpack\chr\hr\gai\1008.jcv,4dc3e8ce
fpack\chr\hr\gai\1300.txg,75a522e9
fpack\chr\hr\gai\2000.ptl,1c2468e8
fpack\chr\hr\gai\2000.ref,bf78eae4
fpack\chr\hr\gai\2000.txg,99a99ae2
fpack\chr\hr\gai\3000.poo,22179054
fpack\chr\hr\gai\3000.pro,49a18751
fpack\chr\hr\gai\3000.sam,1041f108
fpack\chr\hr\gai\3000.sdi,2e6f7b37
fpack\chr\hr\gai\4000.txg,1feaa4af
fpack\chr\hr\gai\4100.txg,c3a1e0e4
fpack\chr\hr\gai\4300.txg,22fb0bc1
fpack\chr\hr\gar\0000.dat,588c2e48
fpack\chr\hr\gar\0000.jcv,e278983e
fpack\chr\hr\gar\0000.mot,c5897905
fpack\chr\hr\gar\0001.mot,f54b17fa
fpack\chr\hr\gar\0100.dat,7bb43f74
fpack\chr\hr\gar\0100.jcv,d747b706
fpack\chr\hr\gar\1000.dat,02ddc835
fpack\chr\hr\gar\1000.jcv,7f28a70a
fpack\chr\hr\gar\1000.txg,d3c56715
fpack\chr\hr\gar\1001.dat,0533c45e
fpack\chr\hr\gar\1001.jcv,37349f2d
fpack\chr\hr\gar\1001.txg,c327cfab
fpack\chr\hr\gar\1002.dat,e9672794
fpack\chr\hr\gar\1002.jcv,1972d628
fpack\chr\hr\gar\1002.txg,3ed115dc
fpack\chr\hr\gar\1003.dat,30baee66
fpack\chr\hr\gar\1003.jcv,3674dffd
fpack\chr\hr\gar\1003.txg,aad4e065
fpack\chr\hr\gar\1004.dat,74a19224
fpack\chr\hr\gar\1004.jcv,0a73e63a
fpack\chr\hr\gar\1005.dat,f61cf483
fpack\chr\hr\gar\1005.jcv,d854828d
fpack\chr\hr\gar\1006.dat,2369ca06
fpack\chr\hr\gar\1006.jcv,2c7bf572
fpack\chr\hr\gar\1007.dat,ed4a3351
fpack\chr\hr\gar\1007.jcv,0f62291c
fpack\chr\hr\gar\1008.dat,b2578bda
fpack\chr\hr\gar\1008.jcv,aabce80c
fpack\chr\hr\gar\1100.dat,4c973736
fpack\chr\hr\gar\1100.jcv,755b3f4c
fpack\chr\hr\gar\1101.dat,cd04d3dc
fpack\chr\hr\gar\1101.jcv,a2b50d5d
fpack\chr\hr\gar\1102.dat,77cf74da
fpack\chr\hr\gar\1102.jcv,5a947499
fpack\chr\hr\gar\1103.dat,6c1d750e
fpack\chr\hr\gar\1103.jcv,05a0d0bf
fpack\chr\hr\gar\1104.dat,0324191c
fpack\chr\hr\gar\1104.jcv,a2cef235
fpack\chr\hr\gar\1105.dat,d7183865
fpack\chr\hr\gar\1105.jcv,b685bf72
fpack\chr\hr\gar\1106.dat,125f23e9
fpack\chr\hr\gar\1106.jcv,8147c30f
fpack\chr\hr\gar\1300.txg,c0597a7c
fpack\chr\hr\gar\2000.ptl,96086a49
fpack\chr\hr\gar\2000.ref,e8df2c6f
fpack\chr\hr\gar\2000.txg,d0cedab5
fpack\chr\hr\gar\3000.poo,6db58afa
fpack\chr\hr\gar\3000.pro,a95c23ee
fpack\chr\hr\gar\3000.sam,27c55889
fpack\chr\hr\gar\3000.sdi,dfd6984b
fpack\chr\hr\gar\4000.txg,b1999b0e
fpack\chr\hr\gar\4001.txg,4c034f52
fpack\chr\hr\gar\4100.txg,c4e337ae
fpack\chr\hr\gar\4300.txg,481d1ade
fpack\chr\hr\gar\4301.txg,e6c14bcd
fpack\chr\hr\hak\0000.dat,907c19fc
fpack\chr\hr\hak\0000.jcv,f4d641be
fpack\chr\hr\hak\0000.mot,6e0346e3
fpack\chr\hr\hak\0001.mot,cc9eb93b
fpack\chr\hr\hak\0100.dat,300221a5
fpack\chr\hr\hak\0100.jcv,f4d641be
fpack\chr\hr\hak\1000.dat,7f11af0b
fpack\chr\hr\hak\1000.jcv,903ff081
fpack\chr\hr\hak\1000.txg,00759b4c
fpack\chr\hr\hak\1001.dat,d2166742
fpack\chr\hr\hak\1001.jcv,a3c5b4ab
fpack\chr\hr\hak\1001.txg,c327cfab
fpack\chr\hr\hak\1002.dat,83dd14ce
fpack\chr\hr\hak\1002.jcv,a3c5b4ab
fpack\chr\hr\hak\1003.dat,d8ca9541
fpack\chr\hr\hak\1003.jcv,a3c5b4ab
fpack\chr\hr\hak\1004.dat,64929ed8
fpack\chr\hr\hak\1004.jcv,a3c5b4ab
fpack\chr\hr\hak\1100.dat,4f22dc4f
fpack\chr\hr\hak\1100.jcv,082ec525
fpack\chr\hr\hak\1101.dat,7e09501f
fpack\chr\hr\hak\1101.jcv,8720e068
fpack\chr\hr\hak\1102.dat,dc85889c
fpack\chr\hr\hak\1102.jcv,8720e068
fpack\chr\hr\hak\1300.txg,7d4b4b0d
fpack\chr\hr\hak\1401.txg,7cd190b1
fpack\chr\hr\hak\2000.ptl,8b8affa4
fpack\chr\hr\hak\2000.ref,706efd31
fpack\chr\hr\hak\2000.txg,8aa01be6
fpack\chr\hr\hak\3000.poo,6e82c5a2
fpack\chr\hr\hak\3000.pro,93a1375d
fpack\chr\hr\hak\3000.sam,43a7d625
fpack\chr\hr\hak\3000.sdi,8eb292b6
fpack\chr\hr\hak\4000.txg,2aebf0d7
fpack\chr\hr\hak\4100.txg,3eac7e20
fpack\chr\hr\hak\4300.txg,12b7d238
fpack\chr\hr\hi2\0000.dat,035a21b8
fpack\chr\hr\hi2\0000.jcv,be127af7
fpack\chr\hr\hi2\0000.mot,09ed036b
fpack\chr\hr\hi2\0001.mot,18e5fa88
fpack\chr\hr\hi2\0100.dat,9073d9bd
fpack\chr\hr\hi2\0100.jcv,be127af7
fpack\chr\hr\hi2\1000.dat,b7176dd2
fpack\chr\hr\hi2\1000.jcv,aea94315
fpack\chr\hr\hi2\1000.txg,d3c56715
fpack\chr\hr\hi2\1001.dat,f1e9edb1
fpack\chr\hr\hi2\1001.jcv,aea94315
fpack\chr\hr\hi2\1001.txg,c327cfab
fpack\chr\hr\hi2\1002.dat,19117092
fpack\chr\hr\hi2\1002.jcv,d6625c7d
fpack\chr\hr\hi2\1003.dat,21b960a0
fpack\chr\hr\hi2\1003.jcv,0a73e63a
fpack\chr\hr\hi2\1004.dat,6c64998e
fpack\chr\hr\hi2\1004.jcv,183357fe
fpack\chr\hr\hi2\1005.dat,fa781766
fpack\chr\hr\hi2\1005.jcv,8431d3ff
fpack\chr\hr\hi2\1006.dat,e378fa34
fpack\chr\hr\hi2\1006.jcv,a63a24cd
fpack\chr\hr\hi2\1007.dat,9511255a
fpack\chr\hr\hi2\1007.jcv,a63a24cd
fpack\chr\hr\hi2\1100.dat,7702c629
fpack\chr\hr\hi2\1100.jcv,0d227a7f
fpack\chr\hr\hi2\1101.dat,56cf950a
fpack\chr\hr\hi2\1101.jcv,9150e6cc
fpack\chr\hr\hi2\1102.dat,125f23e9
fpack\chr\hr\hi2\1102.jcv,8147c30f
fpack\chr\hr\hi2\1300.txg,a96c29bd
fpack\chr\hr\hi2\2000.ptl,cd5d40f2
fpack\chr\hr\hi2\2000.ref,ffef2512
fpack\chr\hr\hi2\2000.txg,cad442f5
fpack\chr\hr\hi2\3000.poo,bb134570
fpack\chr\hr\hi2\3000.pro,7ba802a9
fpack\chr\hr\hi2\3000.sam,96a5d107
fpack\chr\hr\hi2\3000.sdi,f00c9edd
fpack\chr\hr\hi2\4000.txg,e983c2e6
fpack\chr\hr\hi2\4100.txg,3d7849a2
fpack\chr\hr\hi2\4300.txg,67301bf1
fpack\chr\hr\hin\0000.dat,c01b761b
fpack\chr\hr\hin\0000.jcv,be127af7
fpack\chr\hr\hin\0000.mot,45992373
fpack\chr\hr\hin\0001.mot,d3824658
fpack\chr\hr\hin\0100.dat,fcfe6e62
fpack\chr\hr\hin\0100.jcv,be127af7
fpack\chr\hr\hin\1000.dat,6c64998e
fpack\chr\hr\hin\1000.jcv,183357fe
fpack\chr\hr\hin\1000.txg,d3c56715
fpack\chr\hr\hin\1001.dat,1ad88af5
fpack\chr\hr\hin\1001.jcv,384fcd0b
fpack\chr\hr\hin\1001.txg,c327cfab
fpack\chr\hr\hin\1100.dat,f4764d57
fpack\chr\hr\hin\1100.jcv,bc0347c2
fpack\chr\hr\hin\1101.dat,56cf950a
fpack\chr\hr\hin\1101.jcv,9150e6cc
fpack\chr\hr\hin\1300.txg,a96c29bd
fpack\chr\hr\hin\2000.ptl,97bdbc2d
fpack\chr\hr\hin\2000.ref,1f008347
fpack\chr\hr\hin\2000.txg,29026219
fpack\chr\hr\hin\3000.poo,32f5aa1d
fpack\chr\hr\hin\3000.pro,ebc51302
fpack\chr\hr\hin\3000.sam,4e1acec5
fpack\chr\hr\hin\3000.sdi,b5d06233
fpack\chr\hr\hin\4000.txg,845afa99
fpack\chr\hr\hin\4100.txg,70248166
fpack\chr\hr\hin\4300.txg,49130516
fpack\chr\hr\ino\0000.dat,71d2b7cf
fpack\chr\hr\ino\0000.jcv,b9453511
fpack\chr\hr\ino\0000.mot,5ba08406
fpack\chr\hr\ino\0001.mot,d0e8c709
fpack\chr\hr\ino\0100.dat,21e28505
fpack\chr\hr\ino\0100.jcv,b9453511
fpack\chr\hr\ino\0200.dat,9d16bd4e
fpack\chr\hr\ino\0200.jcv,45bedbfd
fpack\chr\hr\ino\0300.dat,17f9f483
fpack\chr\hr\ino\0300.jcv,45bedbfd
fpack\chr\hr\ino\1000.dat,f0e010fd
fpack\chr\hr\ino\1000.jcv,57937542
fpack\chr\hr\ino\1000.mot,968bbcde
fpack\chr\hr\ino\1000.txg,d3c56715
fpack\chr\hr\ino\1001.dat,1e8d566d
fpack\chr\hr\ino\1001.jcv,aabce80c
fpack\chr\hr\ino\1001.txg,c327cfab
fpack\chr\hr\ino\1002.dat,b8e9f8fa
fpack\chr\hr\ino\1002.jcv,aabce80c
fpack\chr\hr\ino\1003.dat,17634ed2
fpack\chr\hr\ino\1003.jcv,a63a24cd
fpack\chr\hr\ino\1004.dat,9cb4087c
fpack\chr\hr\ino\1004.jcv,aabce80c
fpack\chr\hr\ino\1100.dat,7702c629
fpack\chr\hr\ino\1100.jcv,0d227a7f
fpack\chr\hr\ino\1101.dat,56cf950a
fpack\chr\hr\ino\1101.jcv,9150e6cc
fpack\chr\hr\ino\1300.txg,f6820ce8
fpack\chr\hr\ino\2000.ptl,c052ffa8
fpack\chr\hr\ino\2000.ref,ffef2512
fpack\chr\hr\ino\2000.txg,b2109f02
fpack\chr\hr\ino\3000.poo,1375cedf
fpack\chr\hr\ino\3000.pro,caa17894
fpack\chr\hr\ino\3000.sam,28ba12c3
fpack\chr\hr\ino\3000.sdi,c9f3c5b1
fpack\chr\hr\ino\4000.txg,5980f4ae
fpack\chr\hr\ino\4001.txg,595d1270
fpack\chr\hr\ino\4100.txg,e1b73257
fpack\chr\hr\ino\4300.txg,410cbc80
fpack\chr\hr\ino\4301.txg,cbab3f61
fpack\chr\hr\iru\0000.dat,ae8c4281
fpack\chr\hr\iru\0000.jcv,d8ba86a6
fpack\chr\hr\iru\0000.mot,8091f05f
fpack\chr\hr\iru\0001.mot,1ad166eb
fpack\chr\hr\iru\0100.dat,cfcd80d4
fpack\chr\hr\iru\0100.jcv,d8ba86a6
fpack\chr\hr\iru\1000.txg,d3c56715
fpack\chr\hr\iru\1001.txg,c327cfab
fpack\chr\hr\iru\1100.dat,f4764d57
fpack\chr\hr\iru\1100.jcv,bc0347c2
fpack\chr\hr\iru\1101.dat,56cf950a
fpack\chr\hr\iru\1101.jcv,9150e6cc
fpack\chr\hr\iru\1300.txg,9244824c
fpack\chr\hr\iru\3000.poo,65d38157
fpack\chr\hr\iru\3000.pro,d7c966d2
fpack\chr\hr\iru\3000.sam,d7a22c30
fpack\chr\hr\iru\3000.sdi,c41ea7c0
fpack\chr\hr\iru\4000.txg,20b3930a
fpack\chr\hr\iru\4100.txg,8d0c6505
fpack\chr\hr\iru\4300.txg,6ffb9efb
fpack\chr\hr\ita\0000.dat,83a97343
fpack\chr\hr\ita\0000.jcv,75105211
fpack\chr\hr\ita\0000.mot,c72d12fa
fpack\chr\hr\ita\0001.mot,47a3cd98
fpack\chr\hr\ita\0100.dat,9099a9f1
fpack\chr\hr\ita\0100.jcv,75105211
fpack\chr\hr\ita\1000.dat,c115dee4
fpack\chr\hr\ita\1000.jcv,67cb3134
fpack\chr\hr\ita\1000.txg,d3c56715
fpack\chr\hr\ita\1001.dat,ed48cd59
fpack\chr\hr\ita\1001.jcv,fcf13492
fpack\chr\hr\ita\1001.txg,c327cfab
fpack\chr\hr\ita\1002.dat,f5b96fb7
fpack\chr\hr\ita\1002.jcv,a3c5b4ab
fpack\chr\hr\ita\1002.txg,24a7bd0a
fpack\chr\hr\ita\1003.dat,d4f5f648
fpack\chr\hr\ita\1003.jcv,aabce80c
fpack\chr\hr\ita\1003.txg,8c6ae2f7
fpack\chr\hr\ita\1004.dat,5f99e7c5
fpack\chr\hr\ita\1004.jcv,a63a24cd
fpack\chr\hr\ita\1100.dat,7702c629
fpack\chr\hr\ita\1100.jcv,0d227a7f
fpack\chr\hr\ita\1300.txg,320c9b6f
fpack\chr\hr\ita\1900.dat,8a6aa1a4
fpack\chr\hr\ita\1900.jcv,8052255f
fpack\chr\hr\ita\1901.dat,d506f363
fpack\chr\hr\ita\1901.jcv,8052255f
fpack\chr\hr\ita\2000.ptl,23a8bcd6
fpack\chr\hr\ita\2000.ref,fe404e2c
fpack\chr\hr\ita\2000.txg,90911e5b
fpack\chr\hr\ita\3000.poo,341aedf9
fpack\chr\hr\ita\3000.pro,5cc6af83
fpack\chr\hr\ita\3000.sam,ed293382
fpack\chr\hr\ita\3000.sdi,e6c11ebf
fpack\chr\hr\ita\4000.txg,8a5cc265
fpack\chr\hr\ita\4100.txg,a53b52f0
fpack\chr\hr\ita\4300.txg,e6fe6da2
fpack\chr\hr\jir\0000.dat,b163078d
fpack\chr\hr\jir\0000.jcv,97d5fe07
fpack\chr\hr\jir\0000.mot,047102f9
fpack\chr\hr\jir\0001.mot,a34ad45e
fpack\chr\hr\jir\0100.dat,fe8c71b9
fpack\chr\hr\jir\0100.jcv,97d5fe07
fpack\chr\hr\jir\1000.dat,61aabf37
fpack\chr\hr\jir\1000.jcv,4070a376
fpack\chr\hr\jir\1000.txg,d3c56715
fpack\chr\hr\jir\1001.dat,b791f4b3
fpack\chr\hr\jir\1001.jcv,7df4de32
fpack\chr\hr\jir\1001.mot,35bb8c7a
fpack\chr\hr\jir\1001.txg,c327cfab
fpack\chr\hr\jir\1002.dat,b00274de
fpack\chr\hr\jir\1002.jcv,7df4de32
fpack\chr\hr\jir\1002.txg,aeda2a9a
fpack\chr\hr\jir\1100.dat,7702c629
fpack\chr\hr\jir\1100.jcv,0d227a7f
fpack\chr\hr\jir\1101.dat,56cf950a
fpack\chr\hr\jir\1101.jcv,9150e6cc
fpack\chr\hr\jir\1102.dat,125f23e9
fpack\chr\hr\jir\1102.jcv,8147c30f
fpack\chr\hr\jir\1103.dat,f81961eb
fpack\chr\hr\jir\1103.jcv,a3c5b4ab
fpack\chr\hr\jir\1104.dat,d1a6a7d1
fpack\chr\hr\jir\1104.jcv,5aa69ad2
fpack\chr\hr\jir\1153.dat,2148fbb7
fpack\chr\hr\jir\1153.jcv,1b41ed9d
fpack\chr\hr\jir\1153.mot,35bb8c7a
fpack\chr\hr\jir\1154.dat,7361bac5
fpack\chr\hr\jir\1154.jcv,1b41ed9d
fpack\chr\hr\jir\1300.txg,e4438657
fpack\chr\hr\jir\2000.ptl,81e4b665
fpack\chr\hr\jir\2000.ref,47d478bc
fpack\chr\hr\jir\2000.txg,e90a4dbc
fpack\chr\hr\jir\3000.poo,72cc7671
fpack\chr\hr\jir\3000.pro,84ce6222
fpack\chr\hr\jir\3000.sam,fbebf563
fpack\chr\hr\jir\3000.sdi,c4ba2de7
fpack\chr\hr\jir\4000.txg,f1711dcf
fpack\chr\hr\jir\4100.txg,0bacf7bb
fpack\chr\hr\jir\4300.txg,024c8269
fpack\chr\hr\kab\0000.dat,f9329984
fpack\chr\hr\kab\0000.jcv,2f1b921d
fpack\chr\hr\kab\0000.mot,85c0706d
fpack\chr\hr\kab\0001.mot,1ad166eb
fpack\chr\hr\kab\0100.dat,10027307
fpack\chr\hr\kab\0100.jcv,2f1b921d
fpack\chr\hr\kab\1000.dat,34aea04d
fpack\chr\hr\kab\1000.jcv,3fd45a1e
fpack\chr\hr\kab\1000.txg,d3c56715
fpack\chr\hr\kab\1001.dat,9977ac08
fpack\chr\hr\kab\1001.jcv,911c94b7
fpack\chr\hr\kab\1001.txg,c327cfab
fpack\chr\hr\kab\1002.dat,23512f66
fpack\chr\hr\kab\1002.jcv,a63a24cd
fpack\chr\hr\kab\1003.dat,49724f06
fpack\chr\hr\kab\1003.jcv,7e1675c6
fpack\chr\hr\kab\1004.dat,b490b31e
fpack\chr\hr\kab\1004.jcv,7f28a70a
fpack\chr\hr\kab\1005.dat,18e4be89
fpack\chr\hr\kab\1005.jcv,7f28a70a
fpack\chr\hr\kab\1006.dat,71ea87a7
fpack\chr\hr\kab\1006.jcv,553775ca
fpack\chr\hr\kab\1007.dat,770abd1b
fpack\chr\hr\kab\1007.jcv,553775ca
fpack\chr\hr\kab\1010.dat,e1d23ac3
fpack\chr\hr\kab\1010.jcv,20040406
fpack\chr\hr\kab\1100.dat,7702c629
fpack\chr\hr\kab\1100.jcv,0d227a7f
fpack\chr\hr\kab\1101.dat,56cf950a
fpack\chr\hr\kab\1101.jcv,9150e6cc
fpack\chr\hr\kab\1300.txg,5c1a2b06
fpack\chr\hr\kab\2000.ptl,d6456b04
fpack\chr\hr\kab\2000.ref,80d0d590
fpack\chr\hr\kab\2000.txg,1cb8f71d
fpack\chr\hr\kab\3000.poo,957b1846
fpack\chr\hr\kab\3000.pro,e85ff530
fpack\chr\hr\kab\3000.sam,d8e6e0f5
fpack\chr\hr\kab\3000.sdi,992e6a61
fpack\chr\hr\kab\4000.txg,ca58a189
fpack\chr\hr\kab\4100.txg,9b07fb31
fpack\chr\hr\kab\4300.txg,8e292f8c
fpack\chr\hr\kak\0000.dat,f09caf48
fpack\chr\hr\kak\0000.jcv,c410e088
fpack\chr\hr\kak\0000.mot,c2c9a123
fpack\chr\hr\kak\0001.mot,1ad166eb
fpack\chr\hr\kak\0100.dat,6f033fd1
fpack\chr\hr\kak\0100.jcv,c410e088
fpack\chr\hr\kak\1000.dat,2d4954a5
fpack\chr\hr\kak\1000.jcv,a3c5b4ab
fpack\chr\hr\kak\1000.txg,d3c56715
fpack\chr\hr\kak\1001.dat,e124db0e
fpack\chr\hr\kak\1001.jcv,5c76cc09
fpack\chr\hr\kak\1001.txg,c327cfab
fpack\chr\hr\kak\1002.dat,071b6e17
fpack\chr\hr\kak\1002.jcv,8e3e91b7
fpack\chr\hr\kak\1002.txg,d40a4660
fpack\chr\hr\kak\1003.dat,49724f06
fpack\chr\hr\kak\1003.jcv,7e1675c6
fpack\chr\hr\kak\1004.dat,b490b31e
fpack\chr\hr\kak\1004.jcv,7f28a70a
fpack\chr\hr\kak\1005.dat,18e4be89
fpack\chr\hr\kak\1005.jcv,7f28a70a
fpack\chr\hr\kak\1006.dat,71ea87a7
fpack\chr\hr\kak\1006.jcv,553775ca
fpack\chr\hr\kak\1007.dat,770abd1b
fpack\chr\hr\kak\1007.jcv,553775ca
fpack\chr\hr\kak\1100.dat,7702c629
fpack\chr\hr\kak\1100.jcv,0d227a7f
fpack\chr\hr\kak\1101.dat,56cf950a
fpack\chr\hr\kak\1101.jcv,9150e6cc
fpack\chr\hr\kak\1300.txg,6b42621e
fpack\chr\hr\kak\2000.ptl,4a68e93d
fpack\chr\hr\kak\2000.ref,47d478bc
fpack\chr\hr\kak\2000.txg,a06e2560
fpack\chr\hr\kak\3000.poo,024f9b98
fpack\chr\hr\kak\3000.pro,51fdc07f
fpack\chr\hr\kak\3000.sam,83a9f2b0
fpack\chr\hr\kak\3000.sdi,8b5ed635
fpack\chr\hr\kak\4000.txg,d56c7ada
fpack\chr\hr\kak\4100.txg,97c2df04
fpack\chr\hr\kak\4300.txg,7ca3a1f4
fpack\chr\hr\kan\0000.dat,905a7bad
fpack\chr\hr\kan\0000.jcv,4fcf094d
fpack\chr\hr\kan\0000.mot,a7456a41
fpack\chr\hr\kan\0001.mot,f639778e
fpack\chr\hr\kan\0100.dat,b482175a
fpack\chr\hr\kan\0100.jcv,4fcf094d
fpack\chr\hr\kan\1000.dat,10e99f81
fpack\chr\hr\kan\1000.jcv,4ad6c8bd
fpack\chr\hr\kan\1000.txg,d3c56715
fpack\chr\hr\kan\1001.txg,c327cfab
fpack\chr\hr\kan\1002.txg,d40a4660
fpack\chr\hr\kan\1100.dat,56cf950a
fpack\chr\hr\kan\1100.jcv,9150e6cc
fpack\chr\hr\kan\1300.txg,a0884b9e
fpack\chr\hr\kan\1301.txg,c03dc5f3
fpack\chr\hr\kan\2000.ptl,8f8ad5a0
fpack\chr\hr\kan\2000.ref,cc5d0918
fpack\chr\hr\kan\2000.txg,bca870cf
fpack\chr\hr\kan\3000.poo,d2a4be47
fpack\chr\hr\kan\3000.pro,552e5db9
fpack\chr\hr\kan\3000.sam,5eb34e0d
fpack\chr\hr\kan\3000.sdi,be6cd176
fpack\chr\hr\kan\4000.txg,6dc8b622
fpack\chr\hr\kan\4001.txg,5da7713a
fpack\chr\hr\kan\4100.txg,2ca44b62
fpack\chr\hr\kan\4300.txg,652eaef5
fpack\chr\hr\kan\4301.txg,8392c185
fpack\chr\hr\kar\0000.dat,36171ad8
fpack\chr\hr\kar\0000.jcv,d83c5995
fpack\chr\hr\kar\0000.mot,3b17c30b
fpack\chr\hr\kar\0001.mot,4661c266
fpack\chr\hr\kar\0100.dat,3ff185be
fpack\chr\hr\kar\0100.jcv,d83c5995
fpack\chr\hr\kar\1000.txg,d3c56715
fpack\chr\hr\kar\1001.txg,c327cfab
fpack\chr\hr\kar\1002.txg,d40a4660
fpack\chr\hr\kar\1100.dat,7702c629
fpack\chr\hr\kar\1100.jcv,0d227a7f
fpack\chr\hr\kar\1101.dat,944e9f6d
fpack\chr\hr\kar\1101.jcv,dee79aad
fpack\chr\hr\kar\1300.txg,d303c961
fpack\chr\hr\kar\2000.ptl,8f8ad5a0
fpack\chr\hr\kar\2000.ref,cc5d0918
fpack\chr\hr\kar\2000.txg,bca870cf
fpack\chr\hr\kar\3000.poo,12b4bfa2
fpack\chr\hr\kar\3000.pro,5180dab2
fpack\chr\hr\kar\3000.sam,64650bcb
fpack\chr\hr\kar\3000.sdi,40aadb33
fpack\chr\hr\kar\4000.txg,7e4b3789
fpack\chr\hr\kar\4100.txg,36134dc6
fpack\chr\hr\kib\0000.dat,24d2677f
fpack\chr\hr\kib\0000.jcv,bf7ab9aa
fpack\chr\hr\kib\0000.mot,abce01ac
fpack\chr\hr\kib\0001.mot,e7213668
fpack\chr\hr\kib\0100.dat,428f12a8
fpack\chr\hr\kib\0100.jcv,bf7ab9aa
fpack\chr\hr\kib\1000.dat,f9a7c9ee
fpack\chr\hr\kib\1000.jcv,dbddc295
fpack\chr\hr\kib\1000.txg,d3c56715
fpack\chr\hr\kib\1001.dat,628ae718
fpack\chr\hr\kib\1001.jcv,01b5ae93
fpack\chr\hr\kib\1001.txg,c327cfab
fpack\chr\hr\kib\1002.dat,609f6a7e
fpack\chr\hr\kib\1002.jcv,dbddc295
fpack\chr\hr\kib\1100.dat,f4764d57
fpack\chr\hr\kib\1100.jcv,bc0347c2
fpack\chr\hr\kib\1101.dat,56cf950a
fpack\chr\hr\kib\1101.jcv,9150e6cc
fpack\chr\hr\kib\1300.txg,c40c6a09
fpack\chr\hr\kib\3000.poo,62b78622
fpack\chr\hr\kib\3000.pro,01b25179
fpack\chr\hr\kib\3000.sam,6eaccfe3
fpack\chr\hr\kib\3000.sdi,cb2e39b1
fpack\chr\hr\kib\4000.txg,96b351c5
fpack\chr\hr\kib\4100.txg,942135cf
fpack\chr\hr\kib\4300.txg,59f88a50
fpack\chr\hr\kid\0000.dat,bfb1392e
fpack\chr\hr\kid\0000.jcv,3f94355c
fpack\chr\hr\kid\0000.mot,c11bfd88
fpack\chr\hr\kid\0001.mot,68b2d2b5
fpack\chr\hr\kid\0100.dat,9cf76cef
fpack\chr\hr\kid\0100.jcv,3f94355c
fpack\chr\hr\kid\1000.dat,46d9b162
fpack\chr\hr\kid\1000.jcv,3e79d8f4
fpack\chr\hr\kid\1000.txg,d3c56715
fpack\chr\hr\kid\1001.dat,df2b782c
fpack\chr\hr\kid\1001.jcv,01b5ae93
fpack\chr\hr\kid\1001.txg,c327cfab
fpack\chr\hr\kid\1002.dat,5c9eedc7
fpack\chr\hr\kid\1002.jcv,1b34ab36
fpack\chr\hr\kid\1002.txg,98777c74
fpack\chr\hr\kid\1003.dat,a84191fe
fpack\chr\hr\kid\1003.jcv,082ec525
fpack\chr\hr\kid\1004.dat,e85703ff
fpack\chr\hr\kid\1004.jcv,1b34ab36
fpack\chr\hr\kid\1005.dat,f49588d4
fpack\chr\hr\kid\1005.jcv,1b34ab36
fpack\chr\hr\kid\1006.dat,99ada091
fpack\chr\hr\kid\1006.jcv,aea94315
fpack\chr\hr\kid\1007.dat,1f82f996
fpack\chr\hr\kid\1007.jcv,16e7d5f5
fpack\chr\hr\kid\1008.dat,7a3e14ff
fpack\chr\hr\kid\1008.jcv,6ef2fee8
fpack\chr\hr\kid\1009.dat,9bb4b793
fpack\chr\hr\kid\1009.jcv,93df80af
fpack\chr\hr\kid\1010.dat,64670e71
fpack\chr\hr\kid\1010.jcv,4ad6c8bd
fpack\chr\hr\kid\1011.dat,423db20a
fpack\chr\hr\kid\1011.jcv,4ad6c8bd
fpack\chr\hr\kid\1012.dat,3972221d
fpack\chr\hr\kid\1012.jcv,831031ca
fpack\chr\hr\kid\1013.dat,0ad73ef7
fpack\chr\hr\kid\1013.jcv,93df80af
fpack\chr\hr\kid\1014.dat,2fcee486
fpack\chr\hr\kid\1014.jcv,00c6ac99
fpack\chr\hr\kid\1015.dat,192f5743
fpack\chr\hr\kid\1015.jcv,aea94315
fpack\chr\hr\kid\1016.dat,b611c994
fpack\chr\hr\kid\1016.jcv,336faf0a
fpack\chr\hr\kid\1017.dat,3619823f
fpack\chr\hr\kid\1017.jcv,5c76cc09
fpack\chr\hr\kid\1018.dat,28a0f40c
fpack\chr\hr\kid\1018.jcv,8e3e91b7
fpack\chr\hr\kid\1019.dat,1d4c20e4
fpack\chr\hr\kid\1019.jcv,183357fe
fpack\chr\hr\kid\1100.dat,125f23e9
fpack\chr\hr\kid\1100.jcv,8147c30f
fpack\chr\hr\kid\1101.dat,56cf950a
fpack\chr\hr\kid\1101.jcv,9150e6cc
fpack\chr\hr\kid\1102.dat,125f23e9
fpack\chr\hr\kid\1102.jcv,8147c30f
fpack\chr\hr\kid\1300.txg,be12924f
fpack\chr\hr\kid\2000.ptl,7c36ddd9
fpack\chr\hr\kid\2000.ref,80d0d590
fpack\chr\hr\kid\2000.txg,fc80d969
fpack\chr\hr\kid\3000.poo,fee7adff
fpack\chr\hr\kid\3000.pro,9cb6e0dc
fpack\chr\hr\kid\3000.sam,72cc9f5e
fpack\chr\hr\kid\3000.sdi,ff019fa7
fpack\chr\hr\kid\4000.txg,848ece15
fpack\chr\hr\kid\4100.txg,78ed6090
fpack\chr\hr\kid\4300.txg,1d38a82d
fpack\chr\hr\kim\0000.dat,d477d738
fpack\chr\hr\kim\0000.jcv,9d9f78d2
fpack\chr\hr\kim\0000.mot,6fd9c732
fpack\chr\hr\kim\0001.mot,79320b9d
fpack\chr\hr\kim\0100.dat,068656dd
fpack\chr\hr\kim\0100.jcv,9d9f78d2
fpack\chr\hr\kim\1000.dat,147cfbce
fpack\chr\hr\kim\1000.jcv,0d227a7f
fpack\chr\hr\kim\1000.txg,d3c56715
fpack\chr\hr\kim\1001.dat,9e7e3479
fpack\chr\hr\kim\1001.jcv,77121618
fpack\chr\hr\kim\1001.txg,c327cfab
fpack\chr\hr\kim\1002.dat,d00025c1
fpack\chr\hr\kim\1002.jcv,51908327
fpack\chr\hr\kim\1002.txg,d40a4660
fpack\chr\hr\kim\1003.dat,833a7cef
fpack\chr\hr\kim\1003.jcv,43f3a99b
fpack\chr\hr\kim\1004.dat,b4e178da
fpack\chr\hr\kim\1004.jcv,e63fdb66
fpack\chr\hr\kim\1005.dat,fc9e58d6
fpack\chr\hr\kim\1005.jcv,f8cd8c9a
fpack\chr\hr\kim\1006.dat,7b643371
fpack\chr\hr\kim\1006.jcv,211bccfc
fpack\chr\hr\kim\1007.dat,c369df06
fpack\chr\hr\kim\1007.jcv,082ec525
fpack\chr\hr\kim\1008.dat,760b94b5
fpack\chr\hr\kim\1008.jcv,082ec525
fpack\chr\hr\kim\1009.dat,eb8ce5a7
fpack\chr\hr\kim\1009.jcv,082ec525
fpack\chr\hr\kim\1010.dat,4ff5b5ae
fpack\chr\hr\kim\1010.jcv,72d599f0
fpack\chr\hr\kim\1011.dat,295fbcff
fpack\chr\hr\kim\1011.jcv,93df80af
fpack\chr\hr\kim\1100.dat,7702c629
fpack\chr\hr\kim\1100.jcv,0d227a7f
fpack\chr\hr\kim\1101.dat,56cf950a
fpack\chr\hr\kim\1101.jcv,9150e6cc
fpack\chr\hr\kim\1300.txg,fb4bf701
fpack\chr\hr\kim\2000.ptl,d054167e
fpack\chr\hr\kim\2000.ref,80d0d590
fpack\chr\hr\kim\2000.txg,34237d54
fpack\chr\hr\kim\3000.poo,d101c0d9
fpack\chr\hr\kim\3000.pro,43473fed
fpack\chr\hr\kim\3000.sam,8fe15502
fpack\chr\hr\kim\3000.sdi,6cd3e0e8
fpack\chr\hr\kim\4000.txg,60fe0ebd
fpack\chr\hr\kim\4100.txg,55581594
fpack\chr\hr\kim\4300.txg,a6140c8c
fpack\chr\hr\kis\0000.dat,d5b20895
fpack\chr\hr\kis\0000.jcv,7e9978ae
fpack\chr\hr\kis\0000.mot,bce7fee6
fpack\chr\hr\kis\0001.mot,a03cbefd
fpack\chr\hr\kis\0100.dat,e45cb111
fpack\chr\hr\kis\0100.jcv,7e9978ae
fpack\chr\hr\kis\1000.dat,b7c66cde
fpack\chr\hr\kis\1000.jcv,aea94315
fpack\chr\hr\kis\1000.txg,d3c56715
fpack\chr\hr\kis\1001.dat,6f97c0f8
fpack\chr\hr\kis\1001.jcv,d5e39bc9
fpack\chr\hr\kis\1001.txg,c327cfab
fpack\chr\hr\kis\1002.dat,3fbbfadf
fpack\chr\hr\kis\1002.jcv,a63a24cd
fpack\chr\hr\kis\1003.dat,8bfe1690
fpack\chr\hr\kis\1003.jcv,d6625c7d
fpack\chr\hr\kis\1100.dat,f4764d57
fpack\chr\hr\kis\1100.jcv,bc0347c2
fpack\chr\hr\kis\1300.txg,f167a91a
fpack\chr\hr\kis\2000.ptl,659e27e0
fpack\chr\hr\kis\2000.ref,1f008347
fpack\chr\hr\kis\2000.txg,0f8802d0
fpack\chr\hr\kis\3000.poo,c02e7381
fpack\chr\hr\kis\3000.pro,210147aa
fpack\chr\hr\kis\3000.sam,8ed8c26c
fpack\chr\hr\kis\3000.sdi,daef59b3
fpack\chr\hr\kis\4000.txg,e8d76f13
fpack\chr\hr\kis\4100.txg,b1a4ce3d
fpack\chr\hr\kis\4300.txg,064dba0d
fpack\chr\hr\loc\0000.dat,d06818f0
fpack\chr\hr\loc\0000.jcv,2ae00377
fpack\chr\hr\loc\0000.mot,4ca19d3c
fpack\chr\hr\loc\0001.mot,6ac84d24
fpack\chr\hr\loc\0100.dat,f97c131f
fpack\chr\hr\loc\0100.jcv,2ae00377
fpack\chr\hr\loc\1000.dat,9271d485
fpack\chr\hr\loc\1000.jcv,fb6f5687
fpack\chr\hr\loc\1000.txg,d3c56715
fpack\chr\hr\loc\1001.dat,6552a74b
fpack\chr\hr\loc\1001.jcv,36383d31
fpack\chr\hr\loc\1001.txg,c327cfab
fpack\chr\hr\loc\1002.dat,a55e3085
fpack\chr\hr\loc\1002.jcv,ce281e4f
fpack\chr\hr\loc\1002.txg,c679be78
fpack\chr\hr\loc\1003.dat,1257911b
fpack\chr\hr\loc\1003.jcv,8e3e91b7
fpack\chr\hr\loc\1004.dat,b061c516
fpack\chr\hr\loc\1004.jcv,60a23f72
fpack\chr\hr\loc\1005.dat,5e87812b
fpack\chr\hr\loc\1005.jcv,60a23f72
fpack\chr\hr\loc\1006.dat,76950126
fpack\chr\hr\loc\1006.jcv,c7c48563
fpack\chr\hr\loc\1300.txg,7cb2df33
fpack\chr\hr\loc\1301.txg,7de06772
fpack\chr\hr\loc\2000.ptl,993c49c3
fpack\chr\hr\loc\2000.ref,850c3813
fpack\chr\hr\loc\2000.txg,0bba28e8
fpack\chr\hr\loc\3000.poo,86764a49
fpack\chr\hr\loc\3000.pro,4f70e606
fpack\chr\hr\loc\3000.sam,2fed203c
fpack\chr\hr\loc\3000.sdi,39b10675
fpack\chr\hr\loc\4000.txg,28a56eb4
fpack\chr\hr\loc\4100.txg,ac047a5a
fpack\chr\hr\loc\4300.txg,6de49e06
fpack\chr\hr\miz\0000.dat,92add229
fpack\chr\hr\miz\0000.jcv,d8ba86a6
fpack\chr\hr\miz\0000.mot,7b754658
fpack\chr\hr\miz\0001.mot,1ad166eb
fpack\chr\hr\miz\0100.dat,928897b0
fpack\chr\hr\miz\0100.jcv,d8ba86a6
fpack\chr\hr\miz\1000.txg,d3c56715
fpack\chr\hr\miz\1001.txg,c327cfab
fpack\chr\hr\miz\1100.dat,f4764d57
fpack\chr\hr\miz\1100.jcv,bc0347c2
fpack\chr\hr\miz\1101.dat,56cf950a
fpack\chr\hr\miz\1101.jcv,9150e6cc
fpack\chr\hr\miz\1300.txg,df3d474d
fpack\chr\hr\miz\3000.poo,16f48fd4
fpack\chr\hr\miz\3000.pro,a86fbebc
fpack\chr\hr\miz\3000.sam,9b90716b
fpack\chr\hr\miz\3000.sdi,beda97a7
fpack\chr\hr\miz\4000.txg,6656007f
fpack\chr\hr\miz\4100.txg,90395a24
fpack\chr\hr\miz\4300.txg,ad92d4a9
fpack\chr\hr\na9\0000.dat,3f4af7ac
fpack\chr\hr\na9\0000.jcv,d9d87d54
fpack\chr\hr\na9\0000.mot,54212665
fpack\chr\hr\na9\0001.mot,56e13a31
fpack\chr\hr\na9\0100.dat,383d72d3
fpack\chr\hr\na9\0100.jcv,d9d87d54
fpack\chr\hr\na9\1000.dat,1bccb6da
fpack\chr\hr\na9\1000.jcv,9c564c65
fpack\chr\hr\na9\1000.txg,d3c56715
fpack\chr\hr\na9\1001.dat,bc086d5e
fpack\chr\hr\na9\1001.jcv,047e8557
fpack\chr\hr\na9\1001.txg,c327cfab
fpack\chr\hr\na9\1002.dat,a83902af
fpack\chr\hr\na9\1002.jcv,5e126cf0
fpack\chr\hr\na9\1003.dat,165bd759
fpack\chr\hr\na9\1003.jcv,dbe4b6b8
fpack\chr\hr\na9\1004.dat,fc5ba097
fpack\chr\hr\na9\1004.jcv,183357fe
fpack\chr\hr\na9\1005.dat,4670a0b9
fpack\chr\hr\na9\1005.jcv,a63a24cd
fpack\chr\hr\na9\1006.dat,01dd3ad2
fpack\chr\hr\na9\1006.jcv,aea94315
fpack\chr\hr\na9\1007.dat,0b633e34
fpack\chr\hr\na9\1007.jcv,4ad6c8bd
fpack\chr\hr\na9\1008.dat,39667aaf
fpack\chr\hr\na9\1008.jcv,01b5ae93
fpack\chr\hr\na9\1009.dat,446439dc
fpack\chr\hr\na9\1009.jcv,36383d31
fpack\chr\hr\na9\1010.dat,58cdf64d
fpack\chr\hr\na9\1010.jcv,fc2beffb
fpack\chr\hr\na9\1011.dat,8db2ffc8
fpack\chr\hr\na9\1011.jcv,9150e6cc
fpack\chr\hr\na9\1012.dat,933e2482
fpack\chr\hr\na9\1012.jcv,5e126cf0
fpack\chr\hr\na9\1013.dat,0af663de
fpack\chr\hr\na9\1013.jcv,0a73e63a
fpack\chr\hr\na9\1014.dat,b5a1b7d8
fpack\chr\hr\na9\1014.jcv,183357fe
fpack\chr\hr\na9\1015.dat,4bcda654
fpack\chr\hr\na9\1015.jcv,a63a24cd
fpack\chr\hr\na9\1100.dat,7702c629
fpack\chr\hr\na9\1100.jcv,0d227a7f
fpack\chr\hr\na9\1101.dat,56cf950a
fpack\chr\hr\na9\1101.jcv,9150e6cc
fpack\chr\hr\na9\1102.dat,a7d6f4c3
fpack\chr\hr\na9\1102.jcv,8759dcaf
fpack\chr\hr\na9\1300.txg,6af7d8e7
fpack\chr\hr\na9\2000.ptl,472dc933
fpack\chr\hr\na9\2000.ref,ad449558
fpack\chr\hr\na9\2000.txg,a792776d
fpack\chr\hr\na9\3000.poo,03212c39
fpack\chr\hr\na9\3000.pro,8c25abdd
fpack\chr\hr\na9\3000.sam,e3e45640
fpack\chr\hr\na9\3000.sdi,590773f4
fpack\chr\hr\na9\4000.txg,7d2939e4
fpack\chr\hr\na9\4100.txg,f9f10aa9
fpack\chr\hr\na9\4300.txg,9c28950a
fpack\chr\hr\nar\0000.dat,c4ebdea7
fpack\chr\hr\nar\0000.jcv,1f135e2f
fpack\chr\hr\nar\0000.mot,0fa4b8bf
fpack\chr\hr\nar\0001.mot,53be1563
fpack\chr\hr\nar\0100.dat,c73ad644
fpack\chr\hr\nar\0100.jcv,1f135e2f
fpack\chr\hr\nar\1000.dat,1bccb6da
fpack\chr\hr\nar\1000.jcv,9c564c65
fpack\chr\hr\nar\1000.txg,d3c56715
fpack\chr\hr\nar\1001.dat,70ad64ce
fpack\chr\hr\nar\1001.jcv,a63a24cd
fpack\chr\hr\nar\1001.txg,c327cfab
fpack\chr\hr\nar\1002.dat,45d75fb0
fpack\chr\hr\nar\1002.jcv,a63a24cd
fpack\chr\hr\nar\1003.dat,c76ec679
fpack\chr\hr\nar\1003.jcv,aabce80c
fpack\chr\hr\nar\1004.dat,28bcb1b3
fpack\chr\hr\nar\1004.jcv,831031ca
fpack\chr\hr\nar\1005.dat,3c98539c
fpack\chr\hr\nar\1005.jcv,3e79d8f4
fpack\chr\hr\nar\1006.dat,15d93b51
fpack\chr\hr\nar\1006.jcv,3e79d8f4
fpack\chr\hr\nar\1007.dat,ffd4d6b7
fpack\chr\hr\nar\1007.jcv,aabce80c
fpack\chr\hr\nar\1008.dat,9511255a
fpack\chr\hr\nar\1008.jcv,a63a24cd
fpack\chr\hr\nar\1009.dat,a28fc09b
fpack\chr\hr\nar\1009.jcv,3e79d8f4
fpack\chr\hr\nar\1010.dat,bc086d5e
fpack\chr\hr\nar\1010.jcv,047e8557
fpack\chr\hr\nar\1011.dat,8db2ffc8
fpack\chr\hr\nar\1011.jcv,9150e6cc
fpack\chr\hr\nar\1100.dat,7702c629
fpack\chr\hr\nar\1100.jcv,0d227a7f
fpack\chr\hr\nar\1101.dat,56cf950a
fpack\chr\hr\nar\1101.jcv,9150e6cc
fpack\chr\hr\nar\1102.dat,a7d6f4c3
fpack\chr\hr\nar\1102.jcv,8759dcaf
fpack\chr\hr\nar\1300.txg,0bfd72b3
fpack\chr\hr\nar\2000.ptl,b7e1d15d
fpack\chr\hr\nar\2000.ref,5b95f620
fpack\chr\hr\nar\2000.txg,cb762052
fpack\chr\hr\nar\3000.poo,f9144169
fpack\chr\hr\nar\3000.pro,f2f64e1b
fpack\chr\hr\nar\3000.sam,a191d6d3
fpack\chr\hr\nar\3000.sdi,ae1fc4c2
fpack\chr\hr\nar\4000.txg,319a1fdb
fpack\chr\hr\nar\4100.txg,cb8ddf9d
fpack\chr\hr\nar\4300.txg,04332d2c
fpack\chr\hr\nej\0000.dat,b69ad344
fpack\chr\hr\nej\0000.jcv,2747779b
fpack\chr\hr\nej\0000.mot,1ef2c131
fpack\chr\hr\nej\0001.mot,18e5fa88
fpack\chr\hr\nej\0100.dat,9aa7dca3
fpack\chr\hr\nej\0100.jcv,2747779b
fpack\chr\hr\nej\1000.dat,b7176dd2
fpack\chr\hr\nej\1000.jcv,aea94315
fpack\chr\hr\nej\1000.txg,d3c56715
fpack\chr\hr\nej\1001.dat,f1e9edb1
fpack\chr\hr\nej\1001.jcv,aea94315
fpack\chr\hr\nej\1001.txg,c327cfab
fpack\chr\hr\nej\1002.dat,19117092
fpack\chr\hr\nej\1002.jcv,d6625c7d
fpack\chr\hr\nej\1003.dat,21b960a0
fpack\chr\hr\nej\1003.jcv,0a73e63a
fpack\chr\hr\nej\1004.dat,6c64998e
fpack\chr\hr\nej\1004.jcv,183357fe
fpack\chr\hr\nej\1005.dat,fa781766
fpack\chr\hr\nej\1005.jcv,8431d3ff
fpack\chr\hr\nej\1006.dat,e378fa34
fpack\chr\hr\nej\1006.jcv,a63a24cd
fpack\chr\hr\nej\1100.dat,7702c629
fpack\chr\hr\nej\1100.jcv,0d227a7f
fpack\chr\hr\nej\1101.dat,56cf950a
fpack\chr\hr\nej\1101.jcv,9150e6cc
fpack\chr\hr\nej\1102.dat,125f23e9
fpack\chr\hr\nej\1102.jcv,8147c30f
fpack\chr\hr\nej\1300.txg,c44e766f
fpack\chr\hr\nej\2000.ptl,4fdf7565
fpack\chr\hr\nej\2000.ref,ffef2512
fpack\chr\hr\nej\2000.txg,91e7761a
fpack\chr\hr\nej\3000.poo,443d1777
fpack\chr\hr\nej\3000.pro,698cfa0f
fpack\chr\hr\nej\3000.sam,6077e63c
fpack\chr\hr\nej\3000.sdi,75f4d71e
fpack\chr\hr\nej\4000.txg,b692ab16
fpack\chr\hr\nej\4100.txg,4b8a5eaa
fpack\chr\hr\nej\4300.txg,731e6fbc
fpack\chr\hr\obo\0000.dat,a2871556
fpack\chr\hr\obo\0000.jcv,c28e9b32
fpack\chr\hr\obo\0000.mot,96df87ec
fpack\chr\hr\obo\0001.mot,c0de2f15
fpack\chr\hr\obo\1000.dat,6303c043
fpack\chr\hr\obo\1000.jcv,01b5ae93
fpack\chr\hr\obo\1000.txg,d3c56715
fpack\chr\hr\obo\1001.txg,c327cfab
fpack\chr\hr\obo\1100.dat,7702c629
fpack\chr\hr\obo\1100.jcv,0d227a7f
fpack\chr\hr\obo\1300.txg,d303c961
fpack\chr\hr\obo\2000.ptl,7294ccef
fpack\chr\hr\obo\2000.ref,1cdf4421
fpack\chr\hr\obo\2000.txg,3f2ca5ba
fpack\chr\hr\obo\3000.poo,50559b00
fpack\chr\hr\obo\3000.pro,719e8d83
fpack\chr\hr\obo\3000.sam,e6fa825e
fpack\chr\hr\obo\3000.sdi,1b3c6bb0
fpack\chr\hr\obo\4000.txg,e0b69da5
fpack\chr\hr\obo\4100.txg,50e63a4a
fpack\chr\hr\oro\0000.dat,5b22370e
fpack\chr\hr\oro\0000.jcv,e62a66ae
fpack\chr\hr\oro\0000.mot,9d2ef73b
fpack\chr\hr\oro\0001.mot,25534af6
fpack\chr\hr\oro\0100.dat,991edb75
fpack\chr\hr\oro\0100.jcv,e62a66ae
fpack\chr\hr\oro\1000.dat,0636c624
fpack\chr\hr\oro\1000.jcv,55369c45
fpack\chr\hr\oro\1000.txg,d3c56715
fpack\chr\hr\oro\1001.dat,4354cbd4
fpack\chr\hr\oro\1001.jcv,cf12313e
fpack\chr\hr\oro\1001.txg,c327cfab
fpack\chr\hr\oro\1002.dat,25f8d281
fpack\chr\hr\oro\1002.jcv,8e3e91b7
fpack\chr\hr\oro\1002.txg,06ac865b
fpack\chr\hr\oro\1003.dat,4ff51e16
fpack\chr\hr\oro\1003.jcv,93df80af
fpack\chr\hr\oro\1003.txg,aeda2a9a
fpack\chr\hr\oro\1004.dat,66600cc8
fpack\chr\hr\oro\1004.jcv,569d2c99
fpack\chr\hr\oro\1005.dat,d942aee2
fpack\chr\hr\oro\1005.jcv,fd469e8c
fpack\chr\hr\oro\1100.dat,7702c629
fpack\chr\hr\oro\1100.jcv,0d227a7f
fpack\chr\hr\oro\1101.dat,0c14619d
fpack\chr\hr\oro\1101.jcv,f44c3e8d
fpack\chr\hr\oro\1102.dat,34700c2e
fpack\chr\hr\oro\1102.jcv,f44c3e8d
fpack\chr\hr\oro\1103.dat,c77a5b19
fpack\chr\hr\oro\1103.jcv,f44c3e8d
fpack\chr\hr\oro\1104.dat,125f23e9
fpack\chr\hr\oro\1104.jcv,8147c30f
fpack\chr\hr\oro\1300.txg,c9702cf5
fpack\chr\hr\oro\2000.ptl,ed2f1cf5
fpack\chr\hr\oro\2000.ref,71cd160b
fpack\chr\hr\oro\2000.txg,a4bbfffb
fpack\chr\hr\oro\3000.poo,78f6655a
fpack\chr\hr\oro\3000.pro,65b60011
fpack\chr\hr\oro\3000.sam,e8797af8
fpack\chr\hr\oro\3000.sdi,ea0f0a7c
fpack\chr\hr\oro\4000.txg,e0b69da5
fpack\chr\hr\oro\4100.txg,2305db11
fpack\chr\hr\oro\4300.txg,ad960caf
fpack\chr\hr\sa2\0000.dat,31f0c8bc
fpack\chr\hr\sa2\0000.jcv,d38a255b
fpack\chr\hr\sa2\0000.mot,79608fa3
fpack\chr\hr\sa2\0001.mot,0e110f9d
fpack\chr\hr\sa2\0100.dat,d539a36e
fpack\chr\hr\sa2\0100.jcv,d38a255b
fpack\chr\hr\sa2\1000.dat,2f5be15e
fpack\chr\hr\sa2\1000.jcv,01b5ae93
fpack\chr\hr\sa2\1000.txg,d3c56715
fpack\chr\hr\sa2\1001.dat,a7da99d7
fpack\chr\hr\sa2\1001.jcv,15ea3043
fpack\chr\hr\sa2\1001.txg,c327cfab
fpack\chr\hr\sa2\1002.dat,d4f5f648
fpack\chr\hr\sa2\1002.jcv,aabce80c
fpack\chr\hr\sa2\1002.txg,8a53b8d9
fpack\chr\hr\sa2\1003.dat,b490b31e
fpack\chr\hr\sa2\1003.jcv,7f28a70a
fpack\chr\hr\sa2\1003.txg,aeda2a9a
fpack\chr\hr\sa2\1004.dat,18e4be89
fpack\chr\hr\sa2\1004.jcv,7f28a70a
fpack\chr\hr\sa2\1005.dat,55ad4071
fpack\chr\hr\sa2\1005.jcv,deb3c0bc
fpack\chr\hr\sa2\1006.dat,404d7796
fpack\chr\hr\sa2\1006.jcv,9c564c65
fpack\chr\hr\sa2\1007.dat,b532ecde
fpack\chr\hr\sa2\1007.jcv,183357fe
fpack\chr\hr\sa2\1008.dat,6b8cba8c
fpack\chr\hr\sa2\1008.jcv,0a73e63a
fpack\chr\hr\sa2\1009.dat,01a1f73a
fpack\chr\hr\sa2\1009.jcv,aabce80c
fpack\chr\hr\sa2\1010.dat,85d35aaf
fpack\chr\hr\sa2\1010.jcv,a63a24cd
fpack\chr\hr\sa2\1100.dat,f4764d57
fpack\chr\hr\sa2\1100.jcv,bc0347c2
fpack\chr\hr\sa2\1101.dat,125f23e9
fpack\chr\hr\sa2\1101.jcv,8147c30f
fpack\chr\hr\sa2\1102.dat,56cf950a
fpack\chr\hr\sa2\1102.jcv,9150e6cc
fpack\chr\hr\sa2\1300.txg,479d0981
fpack\chr\hr\sa2\2000.ptl,639cf766
fpack\chr\hr\sa2\2000.ref,bf78eae4
fpack\chr\hr\sa2\2000.txg,4c2f0855
fpack\chr\hr\sa2\3000.poo,2a408ae1
fpack\chr\hr\sa2\3000.pro,720254b6
fpack\chr\hr\sa2\3000.sam,b9e060e5
fpack\chr\hr\sa2\3000.sdi,888eb334
fpack\chr\hr\sa2\4000.txg,07aa2d91
fpack\chr\hr\sa2\4100.txg,8b57c707
fpack\chr\hr\sa2\4300.txg,1779c623
fpack\chr\hr\sak\0000.dat,1ff82ad3
fpack\chr\hr\sak\0000.jcv,864b5137
fpack\chr\hr\sak\0000.mot,5d8d4091
fpack\chr\hr\sak\0001.mot,50712e64
fpack\chr\hr\sak\0100.dat,4a4b5039
fpack\chr\hr\sak\0100.jcv,864b5137
fpack\chr\hr\sak\0200.dat,3e4344a2
fpack\chr\hr\sak\0200.jcv,abdcced5
fpack\chr\hr\sak\0300.dat,6af07825
fpack\chr\hr\sak\0300.jcv,abdcced5
fpack\chr\hr\sak\1000.dat,660d592f
fpack\chr\hr\sak\1000.jcv,553775ca
fpack\chr\hr\sak\1000.txg,d3c56715
fpack\chr\hr\sak\1001.dat,f076e82a
fpack\chr\hr\sak\1001.jcv,553775ca
fpack\chr\hr\sak\1001.txg,c327cfab
fpack\chr\hr\sak\1002.dat,1a518d96
fpack\chr\hr\sak\1002.jcv,8fbb3933
fpack\chr\hr\sak\1003.dat,7c154330
fpack\chr\hr\sak\1003.jcv,3496795c
fpack\chr\hr\sak\1004.dat,8915dc1f
fpack\chr\hr\sak\1004.jcv,553775ca
fpack\chr\hr\sak\1005.dat,fa984588
fpack\chr\hr\sak\1005.jcv,553775ca
fpack\chr\hr\sak\1006.dat,1a677560
fpack\chr\hr\sak\1006.jcv,8fbb3933
fpack\chr\hr\sak\1007.dat,c4d6e1c6
fpack\chr\hr\sak\1007.jcv,3496795c
fpack\chr\hr\sak\1100.dat,f4764d57
fpack\chr\hr\sak\1100.jcv,bc0347c2
fpack\chr\hr\sak\1101.dat,56cf950a
fpack\chr\hr\sak\1101.jcv,9150e6cc
fpack\chr\hr\sak\1300.txg,9703529d
fpack\chr\hr\sak\3000.poo,81f2a597
fpack\chr\hr\sak\3000.pro,da649570
fpack\chr\hr\sak\3000.sam,61d54040
fpack\chr\hr\sak\3000.sdi,c4cfbfb7
fpack\chr\hr\sak\4000.txg,d501ef3c
fpack\chr\hr\sak\4001.txg,0c26489b
fpack\chr\hr\sak\4100.txg,eb11f355
fpack\chr\hr\sak\4300.txg,68082b15
fpack\chr\hr\sak\4301.txg,ad17b191
fpack\chr\hr\sar\0000.dat,215055cc
fpack\chr\hr\sar\0000.jcv,b5221868
fpack\chr\hr\sar\0000.mot,ef52a22b
fpack\chr\hr\sar\0001.mot,bd45ce26
fpack\chr\hr\sar\0100.dat,f45510b9
fpack\chr\hr\sar\0100.jcv,b5221868
fpack\chr\hr\sar\1000.dat,d158ad31
fpack\chr\hr\sar\1000.jcv,36383d31
fpack\chr\hr\sar\1000.txg,d3c56715
fpack\chr\hr\sar\1001.dat,cff09e8a
fpack\chr\hr\sar\1001.jcv,183357fe
fpack\chr\hr\sar\1001.txg,c327cfab
fpack\chr\hr\sar\1002.dat,e0e40d6c
fpack\chr\hr\sar\1002.jcv,9a3adfc4
fpack\chr\hr\sar\1002.txg,aeda2a9a
fpack\chr\hr\sar\1003.dat,30ff054a
fpack\chr\hr\sar\1003.jcv,1698c5f3
fpack\chr\hr\sar\1003.mot,6d9b61aa
fpack\chr\hr\sar\1004.dat,f6fd524a
fpack\chr\hr\sar\1004.jcv,1698c5f3
fpack\chr\hr\sar\1100.dat,f4764d57
fpack\chr\hr\sar\1100.jcv,bc0347c2
fpack\chr\hr\sar\1101.dat,56cf950a
fpack\chr\hr\sar\1101.jcv,9150e6cc
fpack\chr\hr\sar\1102.dat,125f23e9
fpack\chr\hr\sar\1102.jcv,8147c30f
fpack\chr\hr\sar\1103.dat,19960757
fpack\chr\hr\sar\1103.jcv,9a3adfc4
fpack\chr\hr\sar\1104.dat,3b30987a
fpack\chr\hr\sar\1104.jcv,cadcea4b
fpack\chr\hr\sar\1300.txg,76bf112a
fpack\chr\hr\sar\2000.ptl,2b0a59f3
fpack\chr\hr\sar\2000.ref,08c8fa24
fpack\chr\hr\sar\2000.txg,7e2adcd9
fpack\chr\hr\sar\3000.poo,6021a813
fpack\chr\hr\sar\3000.pro,37ddd47f
fpack\chr\hr\sar\3000.sam,3035a9c0
fpack\chr\hr\sar\3000.sdi,423ab944
fpack\chr\hr\sar\4000.txg,03d3d23f
fpack\chr\hr\sar\4100.txg,39cb7914
fpack\chr\hr\sar\4300.txg,4dcf46f8
fpack\chr\hr\sas\0000.dat,dd681034
fpack\chr\hr\sas\0000.jcv,618605b6
fpack\chr\hr\sas\0000.mot,7753eac2
fpack\chr\hr\sas\0001.mot,c0de2f15
fpack\chr\hr\sas\0100.dat,62e7c04c
fpack\chr\hr\sas\0100.jcv,10e57d59
fpack\chr\hr\sas\0200.dat,98050128
fpack\chr\hr\sas\0200.jcv,fb392b4e
fpack\chr\hr\sas\0300.dat,233b380b
fpack\chr\hr\sas\0300.jcv,00c1e423
fpack\chr\hr\sas\1000.dat,2d4954a5
fpack\chr\hr\sas\1000.jcv,a3c5b4ab
fpack\chr\hr\sas\1000.txg,d3c56715
fpack\chr\hr\sas\1001.dat,e124db0e
fpack\chr\hr\sas\1001.jcv,5c76cc09
fpack\chr\hr\sas\1001.txg,c327cfab
fpack\chr\hr\sas\1002.dat,d4f5f648
fpack\chr\hr\sas\1002.jcv,aabce80c
fpack\chr\hr\sas\1002.txg,d40a4660
fpack\chr\hr\sas\1003.dat,b490b31e
fpack\chr\hr\sas\1003.jcv,7f28a70a
fpack\chr\hr\sas\1003.txg,aeda2a9a
fpack\chr\hr\sas\1004.dat,18e4be89
fpack\chr\hr\sas\1004.jcv,7f28a70a
fpack\chr\hr\sas\1005.dat,5f22f437
fpack\chr\hr\sas\1005.jcv,7e1675c6
fpack\chr\hr\sas\1100.dat,f4764d57
fpack\chr\hr\sas\1100.jcv,bc0347c2
fpack\chr\hr\sas\1101.dat,125f23e9
fpack\chr\hr\sas\1101.jcv,8147c30f
fpack\chr\hr\sas\1300.txg,fccf377c
fpack\chr\hr\sas\1301.txg,6a073db0
fpack\chr\hr\sas\2000.ptl,30743edd
fpack\chr\hr\sas\2000.ref,3773330a
fpack\chr\hr\sas\2000.txg,30ba4bce
fpack\chr\hr\sas\3000.poo,42a90de3
fpack\chr\hr\sas\3000.pro,08bbcf29
fpack\chr\hr\sas\3000.sam,94f4fcb6
fpack\chr\hr\sas\3000.sdi,51e54c40
fpack\chr\hr\sas\4000.txg,48607be8
fpack\chr\hr\sas\4100.txg,b2ebeee9
fpack\chr\hr\sas\4300.txg,d5830447
fpack\chr\hr\sik\0000.dat,0a908dc2
fpack\chr\hr\sik\0000.jcv,e9b4e616
fpack\chr\hr\sik\0000.mot,7243b760
fpack\chr\hr\sik\0001.mot,d7914dca
fpack\chr\hr\sik\0100.dat,d2dff871
fpack\chr\hr\sik\0100.jcv,e9b4e616
fpack\chr\hr\sik\1000.dat,503b3693
fpack\chr\hr\sik\1000.jcv,4ad6c8bd
fpack\chr\hr\sik\1000.txg,d3c56715
fpack\chr\hr\sik\1001.dat,67afee47
fpack\chr\hr\sik\1001.jcv,5c76cc09
fpack\chr\hr\sik\1001.txg,c327cfab
fpack\chr\hr\sik\1002.txg,ed370dd8
fpack\chr\hr\sik\1100.dat,f4764d57
fpack\chr\hr\sik\1100.jcv,bc0347c2
fpack\chr\hr\sik\1101.dat,56cf950a
fpack\chr\hr\sik\1101.jcv,9150e6cc
fpack\chr\hr\sik\1102.dat,125f23e9
fpack\chr\hr\sik\1102.jcv,8147c30f
fpack\chr\hr\sik\1300.txg,c6aee979
fpack\chr\hr\sik\3000.poo,07b294a7
fpack\chr\hr\sik\3000.pro,206270b8
fpack\chr\hr\sik\3000.sam,9df0cffe
fpack\chr\hr\sik\3000.sdi,208ca904
fpack\chr\hr\sik\4000.txg,a3e94e78
fpack\chr\hr\sik\4001.txg,a2add70a
fpack\chr\hr\sik\4100.txg,30e460f8
fpack\chr\hr\sik\4300.txg,af6a22d4
fpack\chr\hr\sik\4301.txg,42639baf
fpack\chr\hr\sin\0000.dat,e014d949
fpack\chr\hr\sin\0000.jcv,c0174136
fpack\chr\hr\sin\0000.mot,3121b396
fpack\chr\hr\sin\0001.mot,8536edda
fpack\chr\hr\sin\0100.dat,3cd38d34
fpack\chr\hr\sin\0100.jcv,c0174136
fpack\chr\hr\sin\1000.dat,7702c629
fpack\chr\hr\sin\1000.jcv,0d227a7f
fpack\chr\hr\sin\1000.txg,d3c56715
fpack\chr\hr\sin\1001.txg,c327cfab
fpack\chr\hr\sin\1002.txg,0149538e
fpack\chr\hr\sin\1100.dat,125f23e9
fpack\chr\hr\sin\1100.jcv,8147c30f
fpack\chr\hr\sin\1101.dat,55ca14e8
fpack\chr\hr\sin\1101.jcv,20040406
fpack\chr\hr\sin\1300.txg,5d0c6080
fpack\chr\hr\sin\2000.ptl,1de731a8
fpack\chr\hr\sin\2000.ref,93182be2
fpack\chr\hr\sin\2000.txg,615dea55
fpack\chr\hr\sin\3000.poo,04b28789
fpack\chr\hr\sin\3000.pro,6cd7d445
fpack\chr\hr\sin\3000.sam,e6e99be3
fpack\chr\hr\sin\3000.sdi,402dfb03
fpack\chr\hr\sin\4000.txg,ea8abac2
fpack\chr\hr\sin\4100.txg,42ec63ad
fpack\chr\hr\sin\4300.txg,26cb66a7
fpack\chr\hr\sko\0000.dat,a82251e6
fpack\chr\hr\sko\0000.jcv,d8421554
fpack\chr\hr\sko\0000.mot,861b6c7f
fpack\chr\hr\sko\0001.mot,5d869650
fpack\chr\hr\sko\0100.dat,fb566b31
fpack\chr\hr\sko\0100.jcv,d8421554
fpack\chr\hr\sko\1000.dat,13e6b3b0
fpack\chr\hr\sko\1000.jcv,a63a24cd
fpack\chr\hr\sko\1000.txg,d3c56715
fpack\chr\hr\sko\1001.dat,7c4911c5
fpack\chr\hr\sko\1001.jcv,a63a24cd
fpack\chr\hr\sko\1001.txg,c327cfab
fpack\chr\hr\sko\1002.dat,657bb835
fpack\chr\hr\sko\1002.jcv,a63a24cd
fpack\chr\hr\sko\1003.dat,1bbb8835
fpack\chr\hr\sko\1003.jcv,a63a24cd
fpack\chr\hr\sko\1004.dat,427ed123
fpack\chr\hr\sko\1004.jcv,a63a24cd
fpack\chr\hr\sko\1005.dat,f58dfb38
fpack\chr\hr\sko\1005.jcv,a63a24cd
fpack\chr\hr\sko\1006.dat,594bdd30
fpack\chr\hr\sko\1006.jcv,77121618
fpack\chr\hr\sko\1007.dat,1cb70440
fpack\chr\hr\sko\1007.jcv,9dd07d24
fpack\chr\hr\sko\1008.dat,41cebe7c
fpack\chr\hr\sko\1008.jcv,a63a24cd
fpack\chr\hr\sko\1009.dat,51668a95
fpack\chr\hr\sko\1009.jcv,a63a24cd
fpack\chr\hr\sko\1100.dat,7702c629
fpack\chr\hr\sko\1100.jcv,0d227a7f
fpack\chr\hr\sko\1101.dat,56cf950a
fpack\chr\hr\sko\1101.jcv,9150e6cc
fpack\chr\hr\sko\1102.dat,125f23e9
fpack\chr\hr\sko\1102.jcv,8147c30f
fpack\chr\hr\sko\1300.txg,212f46a0
fpack\chr\hr\sko\2000.ptl,5239f9b9
fpack\chr\hr\sko\2000.ref,f38ebba8
fpack\chr\hr\sko\2000.txg,f908c2f3
fpack\chr\hr\sko\3000.poo,9e10c332
fpack\chr\hr\sko\3000.pro,648e1873
fpack\chr\hr\sko\3000.sam,85e214e0
fpack\chr\hr\sko\3000.sdi,1af13b5c
fpack\chr\hr\sko\4000.txg,35100447
fpack\chr\hr\sko\4100.txg,8c48ef6d
fpack\chr\hr\sko\4300.txg,ead31b6e
fpack\chr\hr\ta2\0000.dat,60b88fea
fpack\chr\hr\ta2\0000.jcv,59c8f0f5
fpack\chr\hr\ta2\0000.mot,1bc972ad
fpack\chr\hr\ta2\0100.dat,933a3fae
fpack\chr\hr\ta2\0100.jcv,59c8f0f5
fpack\chr\hr\ta2\1000.dat,6303c043
fpack\chr\hr\ta2\1000.jcv,01b5ae93
fpack\chr\hr\ta2\1000.txg,d3c56715
fpack\chr\hr\ta2\1001.txg,c327cfab
fpack\chr\hr\ta2\1100.dat,7702c629
fpack\chr\hr\ta2\1100.jcv,0d227a7f
fpack\chr\hr\ta2\1300.txg,d303c961
fpack\chr\hr\ta2\2000.ptl,7294ccef
fpack\chr\hr\ta2\2000.ref,1cdf4421
fpack\chr\hr\ta2\2000.txg,3f2ca5ba
fpack\chr\hr\ta2\4000.txg,188fd217
fpack\chr\hr\ta2\4100.txg,7a8e4df7
fpack\chr\hr\tay\0000.dat,0c7f74bd
fpack\chr\hr\tay\0000.jcv,24b67d67
fpack\chr\hr\tay\0000.mot,77d26a92
fpack\chr\hr\tay\0001.mot,1b4856d1
fpack\chr\hr\tay\0100.dat,b8135960
fpack\chr\hr\tay\0100.jcv,24b67d67
fpack\chr\hr\tay\1000.dat,90090da1
fpack\chr\hr\tay\1000.jcv,7f28a70a
fpack\chr\hr\tay\1000.txg,d3c56715
fpack\chr\hr\tay\1001.dat,47c0adef
fpack\chr\hr\tay\1001.jcv,01b5ae93
fpack\chr\hr\tay\1001.txg,c327cfab
fpack\chr\hr\tay\1002.dat,4f879a74
fpack\chr\hr\tay\1002.jcv,2c7bf572
fpack\chr\hr\tay\1002.txg,875aeb65
fpack\chr\hr\tay\1003.dat,5741f1c0
fpack\chr\hr\tay\1003.jcv,cf12313e
fpack\chr\hr\tay\1004.dat,490c9c18
fpack\chr\hr\tay\1004.jcv,e3733fd0
fpack\chr\hr\tay\1005.dat,0d84b44d
fpack\chr\hr\tay\1005.jcv,cf12313e
fpack\chr\hr\tay\1006.dat,1e5cd190
fpack\chr\hr\tay\1006.jcv,e3733fd0
fpack\chr\hr\tay\1100.dat,125f23e9
fpack\chr\hr\tay\1100.jcv,8147c30f
fpack\chr\hr\tay\1101.dat,56cf950a
fpack\chr\hr\tay\1101.jcv,9150e6cc
fpack\chr\hr\tay\1300.txg,e18e8b09
fpack\chr\hr\tay\2000.ptl,5cc147b2
fpack\chr\hr\tay\2000.ref,ffef2512
fpack\chr\hr\tay\2000.txg,f908c2f3
fpack\chr\hr\tay\3000.poo,170dba13
fpack\chr\hr\tay\3000.pro,3567b682
fpack\chr\hr\tay\3000.sam,a59c59c3
fpack\chr\hr\tay\3000.sdi,34eca4ae
fpack\chr\hr\tay\4000.txg,82dec643
fpack\chr\hr\tay\4100.txg,aa2b9432
fpack\chr\hr\tay\4300.txg,0f5af76d
fpack\chr\hr\tem\0000.dat,f1d9e19e
fpack\chr\hr\tem\0000.jcv,37282097
fpack\chr\hr\tem\0000.mot,74e58268
fpack\chr\hr\tem\0001.mot,eaf3e8ad
fpack\chr\hr\tem\0100.dat,715fd5dd
fpack\chr\hr\tem\0100.jcv,cd7178ed
fpack\chr\hr\tem\1000.dat,dfad4e67
fpack\chr\hr\tem\1000.jcv,406e01c6
fpack\chr\hr\tem\1000.txg,d3c56715
fpack\chr\hr\tem\1001.dat,1360e82f
fpack\chr\hr\tem\1001.jcv,a25f9f59
fpack\chr\hr\tem\1001.txg,c327cfab
fpack\chr\hr\tem\1002.dat,421dc9e6
fpack\chr\hr\tem\1002.jcv,043c0ba0
fpack\chr\hr\tem\1003.dat,2fcee486
fpack\chr\hr\tem\1003.jcv,00c6ac99
fpack\chr\hr\tem\1004.dat,31f08cc1
fpack\chr\hr\tem\1004.jcv,aabce80c
fpack\chr\hr\tem\1100.dat,125f23e9
fpack\chr\hr\tem\1100.jcv,8147c30f
fpack\chr\hr\tem\1101.dat,56cf950a
fpack\chr\hr\tem\1101.jcv,9150e6cc
fpack\chr\hr\tem\1300.txg,68306d44
fpack\chr\hr\tem\2000.ptl,34ef03e0
fpack\chr\hr\tem\2000.ref,00000000
fpack\chr\hr\tem\2000.txg,1cdf4421
fpack\chr\hr\tem\3000.poo,92e58c2c
fpack\chr\hr\tem\3000.pro,d7ab82cb
fpack\chr\hr\tem\3000.sam,e0cff887
fpack\chr\hr\tem\3000.sdi,67470bf6
fpack\chr\hr\tem\4000.txg,06f04edf
fpack\chr\hr\tem\4001.txg,29a42a8d
fpack\chr\hr\tem\4100.txg,080baa7a
fpack\chr\hr\tem\4300.txg,0f1cbf9d
fpack\chr\hr\tem\4301.txg,ee86d5a9
fpack\chr\hr\ten\0000.dat,88f648d1
fpack\chr\hr\ten\0000.jcv,e75588d6
fpack\chr\hr\ten\0000.mot,039cd893
fpack\chr\hr\ten\0001.mot,e5fb24b0
fpack\chr\hr\ten\0100.dat,f89a5192
fpack\chr\hr\ten\0100.jcv,e75588d6
fpack\chr\hr\ten\1000.dat,7ad8abff
fpack\chr\hr\ten\1000.jcv,d56f2ed5
fpack\chr\hr\ten\1000.txg,d3c56715
fpack\chr\hr\ten\1001.dat,d6a38b52
fpack\chr\hr\ten\1001.jcv,6d7b3a70
fpack\chr\hr\ten\1002.txg,09270791
fpack\chr\hr\ten\1100.dat,7702c629
fpack\chr\hr\ten\1100.jcv,0d227a7f
fpack\chr\hr\ten\1101.dat,f4764d57
fpack\chr\hr\ten\1101.jcv,bc0347c2
fpack\chr\hr\ten\1102.dat,56cf950a
fpack\chr\hr\ten\1102.jcv,9150e6cc
fpack\chr\hr\ten\1103.dat,b4084bda
fpack\chr\hr\ten\1103.jcv,0d227a7f
fpack\chr\hr\ten\1104.dat,7064d836
fpack\chr\hr\ten\1104.jcv,0d227a7f
fpack\chr\hr\ten\1105.dat,55b7dc8c
fpack\chr\hr\ten\1105.jcv,0d227a7f
fpack\chr\hr\ten\1106.dat,63fd5ca8
fpack\chr\hr\ten\1106.jcv,4dd00a72
fpack\chr\hr\ten\1107.dat,f40ac2e1
fpack\chr\hr\ten\1107.jcv,0d227a7f
fpack\chr\hr\ten\1108.dat,0549c27d
fpack\chr\hr\ten\1108.jcv,a3c5b4ab
fpack\chr\hr\ten\1300.txg,145cd4a1
fpack\chr\hr\ten\2000.ptl,6d606f24
fpack\chr\hr\ten\2000.ref,1cdf4421
fpack\chr\hr\ten\2000.txg,bca870cf
fpack\chr\hr\ten\3000.poo,6d128269
fpack\chr\hr\ten\3000.pro,35c9ba37
fpack\chr\hr\ten\3000.sam,f3ce2393
fpack\chr\hr\ten\3000.sdi,5d5b8f03
fpack\chr\hr\ten\4000.txg,1b4da352
fpack\chr\hr\ten\4100.txg,7ca1ac78
fpack\chr\hr\ten\4300.txg,c12816f8
fpack\chr\hr\tsu\0000.dat,4edec99a
fpack\chr\hr\tsu\0000.jcv,768e198f
fpack\chr\hr\tsu\0000.mot,f8ffbc15
fpack\chr\hr\tsu\0001.mot,17b7c29b
fpack\chr\hr\tsu\0100.dat,04f5102e
fpack\chr\hr\tsu\0100.jcv,768e198f
fpack\chr\hr\tsu\1000.dat,59f29d8e
fpack\chr\hr\tsu\1000.jcv,8e3e91b7
fpack\chr\hr\tsu\1000.txg,d3c56715
fpack\chr\hr\tsu\1001.dat,d9ffd378
fpack\chr\hr\tsu\1001.jcv,8e3e91b7
fpack\chr\hr\tsu\1001.txg,c327cfab
fpack\chr\hr\tsu\1002.dat,53522734
fpack\chr\hr\tsu\1002.jcv,a49752ef
fpack\chr\hr\tsu\1003.dat,f5deddf3
fpack\chr\hr\tsu\1003.jcv,a63a24cd
fpack\chr\hr\tsu\1004.dat,c5c2d953
fpack\chr\hr\tsu\1004.jcv,aabce80c
fpack\chr\hr\tsu\1005.dat,618d6899
fpack\chr\hr\tsu\1005.jcv,a1b0c6cf
fpack\chr\hr\tsu\1006.dat,aaca131a
fpack\chr\hr\tsu\1006.jcv,a63a24cd
fpack\chr\hr\tsu\1007.dat,3154d77a
fpack\chr\hr\tsu\1007.jcv,a63a24cd
fpack\chr\hr\tsu\1100.dat,41d55e89
fpack\chr\hr\tsu\1100.jcv,9f21ae5b
fpack\chr\hr\tsu\1300.txg,1eef2a7a
fpack\chr\hr\tsu\2000.ptl,f96f3dbe
fpack\chr\hr\tsu\2000.ref,bf78eae4
fpack\chr\hr\tsu\2000.txg,8317c55b
fpack\chr\hr\tsu\3000.poo,71e28a86
fpack\chr\hr\tsu\3000.pro,bf7f7d03
fpack\chr\hr\tsu\3000.sam,b35622ce
fpack\chr\hr\tsu\3000.sdi,149b4c86
fpack\chr\hr\tsu\4000.txg,07196937
fpack\chr\hr\tsu\4100.txg,aafc5fe7
fpack\chr\hr\tsu\4300.txg,05d6babf
fpack\chr\hr\zab\0000.dat,d575e7d8
fpack\chr\hr\zab\0000.jcv,40950228
fpack\chr\hr\zab\0000.mot,66503c27
fpack\chr\hr\zab\0001.mot,97fa7c8b
fpack\chr\hr\zab\0100.dat,aaeae009
fpack\chr\hr\zab\0100.jcv,40950228
fpack\chr\hr\zab\1000.dat,04d74052
fpack\chr\hr\zab\1000.jcv,a3c5b4ab
fpack\chr\hr\zab\1000.txg,d3c56715
fpack\chr\hr\zab\1001.dat,664fda32
fpack\chr\hr\zab\1001.jcv,d6625c7d
fpack\chr\hr\zab\1001.txg,c327cfab
fpack\chr\hr\zab\1300.txg,bc42dc12
fpack\chr\hr\zab\2000.ptl,b56a5530
fpack\chr\hr\zab\2000.ref,47d478bc
fpack\chr\hr\zab\2000.txg,511c1076
fpack\chr\hr\zab\3000.poo,7eec2b03
fpack\chr\hr\zab\3000.pro,44b7d9df
fpack\chr\hr\zab\3000.sam,6dbbc4cf
fpack\chr\hr\zab\3000.sdi,2d0aa212
fpack\chr\hr\zab\4000.txg,935f3127
fpack\chr\hr\zab\4100.txg,149741a8
fpack\chr\hr\zab\4300.txg,c4f7a6ce
fpack\cmn\0000.txg,abc52f12
fpack\cmn\0001.txg,13a50d7d
fpack\cmn\0002.txg,10b323ed
fpack\cmn\0003.txg,b9d7a608
fpack\cmn\3000.poo,d7cdd686
fpack\cmn\3000.pro,b40ad906
fpack\cmn\3000.sam,9db289e0
fpack\cmn\3000.sdi,db883ead
fpack\cmn\bannerj.tpl,da630d66
fpack\cmn\icon.tpl,0e81d98b
fpack\game\0009.txg,72143121
fpack\game\0012.txg,53e3fb33
fpack\game\0100.txg,f1bef16a
fpack\game\0101.txg,8c71d148
fpack\game\0102.txg,ae75568a
fpack\game\0103.txg,7a41bce7
fpack\game\0401.txg,12a69583
fpack\game\0402.txg,3352492d
fpack\game\0404.txg,22c7078b
fpack\game\3000.poo,ede7aa2e
fpack\game\3000.pro,32cee37e
fpack\game\3000.sam,99095042
fpack\game\3000.sdi,a77e4f6f
fpack\game\3001.poo,b3357d1f
fpack\game\3001.pro,97bd13ad
fpack\game\3001.sam,854c70c9
fpack\game\3001.sdi,b64ff43a
fpack\game\3002.poo,be9bdb94
fpack\game\3002.pro,8a26a806
fpack\game\3002.sam,e43f2cc0
fpack\game\3002.sdi,bb62737d
fpack\game\3003.poo,f35aab63
fpack\game\3003.pro,cdb2fe22
fpack\game\3003.sam,0604d7af
fpack\game\3003.sdi,a7ae1833
fpack\game\3004.poo,e8247691
fpack\game\3004.pro,e76b1b4b
fpack\game\3004.sam,e7deb80a
fpack\game\3004.sdi,728b94a1
fpack\game\3005.poo,5c9d4218
fpack\game\3005.pro,22295c47
fpack\game\3005.sam,ae1651a7
fpack\game\3005.sdi,e802feeb
fpack\game\game00.seq,ade54e1c
fpack\game\m_vs.seq,c96d945a
fpack\gar\\4201.txg,41dff37b
fpack\hr\ank\0000.seq,7862beae
fpack\hr\ank\0010.seq,ada369e6
fpack\hr\ank\1000.seq,d358dea9
fpack\hr\bou\0000.seq,7e4fa119
fpack\hr\bou\0010.seq,ff299dd1
fpack\hr\bou\1000.seq,4e83b297
fpack\hr\cho\0000.seq,50f20226
fpack\hr\cho\0010.seq,fd9df881
fpack\hr\cho\1000.seq,5675265f
fpack\hr\cmn\1000.seq,35b5f9af
fpack\hr\dog\0000.seq,f61aebf1
fpack\hr\dog\0010.seq,d19cfea3
fpack\hr\dog\1000.seq,b68f5723
fpack\hr\gai\0000.seq,96b046cb
fpack\hr\gai\0010.seq,a5eacf63
fpack\hr\gai\1000.seq,bbf57896
fpack\hr\gar\0000.seq,053ffbca
fpack\hr\gar\0010.seq,5439a3b1
fpack\hr\gar\1000.seq,c9396667
fpack\hr\hak\0000.seq,b9439f12
fpack\hr\hak\0010.seq,5f4d243e
fpack\hr\hak\1000.seq,e6bd09d7
fpack\hr\hi2\0000.seq,7f572576
fpack\hr\hi2\0010.seq,76c76655
fpack\hr\hi2\1000.seq,14b7c337
fpack\hr\hin\0000.seq,6ebbfc36
fpack\hr\hin\0010.seq,dc46a121
fpack\hr\hin\1000.seq,98a62f95
fpack\hr\ino\0000.seq,f556b11e
fpack\hr\ino\0010.seq,cd9271e6
fpack\hr\ino\1000.seq,1341bab1
fpack\hr\iru\0000.seq,7545d147
fpack\hr\iru\0010.seq,6e4f5f77
fpack\hr\iru\1000.seq,4ad4da04
fpack\hr\ita\0000.seq,4150184b
fpack\hr\ita\0010.seq,5b811528
fpack\hr\ita\1000.seq,cbdb4ea1
fpack\hr\jir\0000.seq,ccb3106c
fpack\hr\jir\0010.seq,586d1890
fpack\hr\jir\1000.seq,9f7d46e6
fpack\hr\kab\0000.seq,8e5dd9e5
fpack\hr\kab\0010.seq,2d1317be
fpack\hr\kab\1000.seq,018faed7
fpack\hr\kak\0000.seq,043ca803
fpack\hr\kak\0010.seq,a2644c58
fpack\hr\kak\1000.seq,72f92ed6
fpack\hr\kan\0000.seq,60543ea9
fpack\hr\kan\0010.seq,5d98ff7a
fpack\hr\kan\1000.seq,3db12ab1
fpack\hr\kar\0000.seq,d9c1d318
fpack\hr\kar\0010.seq,1ff6962c
fpack\hr\kar\1000.seq,f63260f5
fpack\hr\kib\0000.seq,bc18f6a6
fpack\hr\kib\0010.seq,acf37aeb
fpack\hr\kib\1000.seq,8a024ae3
fpack\hr\kid\0000.seq,3f4381d2
fpack\hr\kid\0010.seq,7107c838
fpack\hr\kid\1000.seq,6295a01a
fpack\hr\kim\0000.seq,f6626ea0
fpack\hr\kim\0010.seq,aa9ce636
fpack\hr\kim\1000.seq,ab154886
fpack\hr\kis\0000.seq,a840c58d
fpack\hr\kis\0010.seq,ef0da805
fpack\hr\kis\1000.seq,8ea095ae
fpack\hr\loc\0000.seq,a9417570
fpack\hr\loc\0010.seq,acc0a3b8
fpack\hr\loc\1000.seq,5c2da732
fpack\hr\miz\0000.seq,cdf937c3
fpack\hr\miz\0010.seq,a6f4cab7
fpack\hr\miz\1000.seq,4ad4da04
fpack\hr\na9\0000.seq,f4808eba
fpack\hr\na9\0010.seq,3651ff05
fpack\hr\na9\1000.seq,b9d54f95
fpack\hr\nar\0000.seq,150a8590
fpack\hr\nar\0010.seq,15883b8d
fpack\hr\nar\1000.seq,f6abd6e0
fpack\hr\nej\0000.seq,54080a49
fpack\hr\nej\0010.seq,80ef539c
fpack\hr\nej\1000.seq,e4dd1559
fpack\hr\obo\0000.seq,8950fce1
fpack\hr\obo\0010.seq,2264a4ba
fpack\hr\obo\1000.seq,dc42e6b2
fpack\hr\oro\0000.seq,a0ab7eb2
fpack\hr\oro\0010.seq,a0feb8e6
fpack\hr\oro\1000.seq,b90f2c34
fpack\hr\sa2\0000.seq,b2965049
fpack\hr\sa2\0010.seq,a11ea5a9
fpack\hr\sa2\1000.seq,974e245c
fpack\hr\sak\0000.seq,2a5a96da
fpack\hr\sak\0010.seq,1e2dd9e0
fpack\hr\sak\1000.seq,8d6adfd8
fpack\hr\sar\0000.seq,0b76f2d6
fpack\hr\sar\0010.seq,5fdc3404
fpack\hr\sar\1000.seq,3e2cd9d4
fpack\hr\sas\0000.seq,c0647f9e
fpack\hr\sas\0010.seq,151fac42
fpack\hr\sas\1000.seq,977b0f1c
fpack\hr\sik\0000.seq,96d2dfcf
fpack\hr\sik\0010.seq,794923f6
fpack\hr\sik\1000.seq,38e84667
fpack\hr\sin\0000.seq,715ea04b
fpack\hr\sin\0010.seq,c9afc894
fpack\hr\sin\1000.seq,759dc432
fpack\hr\sko\0000.seq,5aff0ce4
fpack\hr\sko\0010.seq,ef97603f
fpack\hr\sko\1000.seq,e636e706
fpack\hr\ta2\0000.seq,ad2beb5e
fpack\hr\ta2\0010.seq,9b8e559f
fpack\hr\ta2\1000.seq,f15525bc
fpack\hr\tay\0000.seq,d8bb825a
fpack\hr\tay\0010.seq,8e3eaaf6
fpack\hr\tay\1000.seq,51c145df
fpack\hr\tem\0000.seq,8a33e694
fpack\hr\tem\0010.seq,c79265cf
fpack\hr\tem\1000.seq,bdc2d946
fpack\hr\ten\0000.seq,f0dc1b6f
fpack\hr\ten\0010.seq,402276c8
fpack\hr\ten\1000.seq,3752a06b
fpack\hr\tsu\0000.seq,10179f93
fpack\hr\tsu\0010.seq,28682e51
fpack\hr\tsu\1000.seq,a0fd9c97
fpack\hr\zab\0000.seq,3822a875
fpack\hr\zab\0010.seq,3b4fbfef
fpack\hr\zab\1000.seq,35b8b2df
fpack\ino\\4201.txg,a0b34cd2
fpack\kan\\4201.txg,43910db3
fpack\ki\charsel4.seq,66c3be3f
fpack\ki\char_sel.seq,ef012f11
fpack\ki\m_sndplr.seq,7d5fd396
fpack\ki\m_viewer.seq,ff517bec
fpack\kuro\button.seq,49faa497
fpack\kuro\tmode.seq,72f6a900
fpack\maki\m_gal.seq,d2f590cb
fpack\me\camera00.seq,77be0b1d
fpack\me\camera01.seq,456575c4
fpack\me\player00.seq,b14d8f53
fpack\omake\0000.txg,0da15bc9
fpack\omake\0001.txg,02830ef0
fpack\omake\0002.txg,33fc6d47
fpack\omake\0003.txg,47cdabb4
fpack\omake\0004.txg,8450701f
fpack\omake\0005.txg,5b455ce2
fpack\omake\0006.txg,46e5be89
fpack\omake\0010.txg,8edc26da
fpack\omake\0020.txg,7a306ff4
fpack\omake\0021.txg,fca72e45
fpack\omake\0022.txg,acb3ec5f
fpack\omake\0023.txg,d8790e0a
fpack\omake\0024.txg,e8359bd6
fpack\omake\0030.txg,9dd5e822
fpack\omake\0040.txg,8c541dca
fpack\omake\0050.txg,56b33d90
fpack\omake\0100.txg,c15241df
fpack\ru\f_camera.seq,aa4290f9
fpack\sak\\4201.txg,8284b56a
fpack\sel\0050.txg,c3fee8ea
fpack\sel\0051.txg,07d48211
fpack\sel\0052.txg,d2c6a24f
fpack\sel\0053.txg,98dbbf06
fpack\sel\0054.txg,fad7d9bf
fpack\sel\0055.txg,df591909
fpack\sel\0400.txg,60868f6a
fpack\sel\1000.txg,bd07a54f
fpack\shop\0000.dat,e5699bb7
fpack\shop\0000.jcv,102b3f7c
fpack\shop\0000.mot,99e31aac
fpack\shop\0000.txg,da47fa1e
fpack\shop\0001.dat,3f226384
fpack\shop\0001.jcv,457d6f65
fpack\shop\1300.txg,6166d331
fpack\sik\\4201.txg,94fa137b
fpack\stg\g\016\0100n.jcv,457d6f65
fpack\stg\g\023\n0000.jcv,41fa97b1
fpack\stg\tg\001\0000.dat,65ea101f
fpack\stg\tg\001\0000.jcv,79fc10fd
fpack\stg\tg\001\0100.dat,90392ab1
fpack\stg\tg\001\0100.jcv,2c88f6ea
fpack\stg\tg\001\0200.dat,54739bbf
fpack\stg\tg\001\0200.jcv,c166e5c7
fpack\stg\tg\001\2000.ptl,ebdbf89d
fpack\stg\tg\001\2000.ref,f38ebba8
fpack\stg\tg\001\2000.txg,38020544
fpack\stg\tg\001\3000.poo,cc3404bc
fpack\stg\tg\001\3000.pro,53a9c5a6
fpack\stg\tg\001\3000.sam,a4df9045
fpack\stg\tg\001\3000.sdi,4784d680
fpack\stg\tg\002\0000.dat,1c4ae2a6
fpack\stg\tg\002\0000.jcv,67bcfd99
fpack\stg\tg\002\0100.dat,5a26a7af
fpack\stg\tg\002\0100.jcv,457d6f65
fpack\stg\tg\002\0200.dat,2e407a93
fpack\stg\tg\002\0200.jcv,0b060a99
fpack\stg\tg\002\3000.poo,32237d21
fpack\stg\tg\002\3000.pro,5a1fa704
fpack\stg\tg\002\3000.sam,11c90f37
fpack\stg\tg\002\3000.sdi,70d9101f
fpack\stg\tg\003\0000.dat,04a833e8
fpack\stg\tg\003\0000.jcv,c4eb8c41
fpack\stg\tg\003\0100.dat,2513dd5c
fpack\stg\tg\003\0100.jcv,457d6f65
fpack\stg\tg\003\0200.dat,e2283689
fpack\stg\tg\003\0200.jcv,0b060a99
fpack\stg\tg\003\0400.dat,33962c6f
fpack\stg\tg\003\0400.jcv,2f56f721
fpack\stg\tg\003\2000.ptl,2a8a404e
fpack\stg\tg\003\2000.ref,1cdf4421
fpack\stg\tg\003\2000.txg,39f3eb74
fpack\stg\tg\003\3000.poo,66db1f9e
fpack\stg\tg\003\3000.pro,139a3e9b
fpack\stg\tg\003\3000.sam,45a4fddb
fpack\stg\tg\003\3000.sdi,1986b428
fpack\stg\tg\004\0000.dat,43f31a1d
fpack\stg\tg\004\0000.jcv,65ec4f02
fpack\stg\tg\004\0100.dat,69f961eb
fpack\stg\tg\004\0100.jcv,42313692
fpack\stg\tg\004\0200.dat,15518752
fpack\stg\tg\004\0200.jcv,0b060a99
fpack\stg\tg\004\0600.dat,7acae5eb
fpack\stg\tg\004\0600.jcv,d2bcc5e8
fpack\stg\tg\004\3000.poo,07c7d52a
fpack\stg\tg\004\3000.pro,3a313f3f
fpack\stg\tg\004\3000.sam,b5d6f665
fpack\stg\tg\004\3000.sdi,b85b2ff1
fpack\stg\tg\005\0000.dat,787a843e
fpack\stg\tg\005\0000.jcv,47de58fc
fpack\stg\tg\005\0100.dat,559b375f
fpack\stg\tg\005\0100.jcv,1be234eb
fpack\stg\tg\005\0200.dat,b4672f4f
fpack\stg\tg\005\0200.jcv,0b060a99
fpack\stg\tg\005\1100.txg,0875f006
fpack\stg\tg\005\3000.poo,3cc0d821
fpack\stg\tg\005\3000.pro,0749054a
fpack\stg\tg\005\3000.sam,20bfcf81
fpack\stg\tg\005\3000.sdi,a274cd81
fpack\stg\tg\006\0000.dat,ccfbb2a0
fpack\stg\tg\006\0000.jcv,8e602b7a
fpack\stg\tg\006\0100.dat,b56120fa
fpack\stg\tg\006\0100.jcv,457d6f65
fpack\stg\tg\006\0200.dat,7c998d08
fpack\stg\tg\006\0200.jcv,29002922
fpack\stg\tg\006\2000.ptl,e5b7338e
fpack\stg\tg\006\2000.ref,bf78eae4
fpack\stg\tg\006\2000.txg,7a6d6c15
fpack\stg\tg\006\3000.poo,5c435dae
fpack\stg\tg\006\3000.pro,581fe5c0
fpack\stg\tg\006\3000.sam,ec2b51f3
fpack\stg\tg\006\3000.sdi,46d670f5
fpack\stg\tg\007\0000.dat,3b78152d
fpack\stg\tg\007\0000.jcv,8f3f1d9b
fpack\stg\tg\007\0100.dat,c3010042
fpack\stg\tg\007\0100.jcv,457d6f65
fpack\stg\tg\007\0200.dat,bb864802
fpack\stg\tg\007\0200.jcv,2fc5d574
fpack\stg\tg\007\3000.poo,3e638520
fpack\stg\tg\007\3000.pro,071f8197
fpack\stg\tg\007\3000.sam,c003b9e6
fpack\stg\tg\007\3000.sdi,fda8a87d
fpack\stg\tg\008\0000.dat,c4b4b8d2
fpack\stg\tg\008\0000.jcv,c3742319
fpack\stg\tg\008\0100.dat,622dc7cf
fpack\stg\tg\008\0100.jcv,457d6f65
fpack\stg\tg\008\0200.dat,e92f18ae
fpack\stg\tg\008\0200.jcv,2fc5d574
fpack\stg\tg\008\1106.txg,096876cb
fpack\stg\tg\008\3000.poo,2bbf0baf
fpack\stg\tg\008\3000.pro,9f9828f5
fpack\stg\tg\008\3000.sam,c003b9e6
fpack\stg\tg\008\3000.sdi,8e6ce35c
fpack\stg\tg\009\0000.dat,46465819
fpack\stg\tg\009\0000.jcv,4eb51687
fpack\stg\tg\009\0100.dat,e97aebfc
fpack\stg\tg\009\0100.jcv,2c88f6ea
fpack\stg\tg\009\0200.dat,818193cb
fpack\stg\tg\009\0200.jcv,64379392
fpack\stg\tg\009\2000.ptl,e2906305
fpack\stg\tg\009\2000.ref,f38ebba8
fpack\stg\tg\009\2000.txg,38020544
fpack\stg\tg\009\3000.poo,a92b1838
fpack\stg\tg\009\3000.pro,19a85b9c
fpack\stg\tg\009\3000.sam,a4df9045
fpack\stg\tg\009\3000.sdi,30e2a35c
fpack\stg\tg\010\0000.dat,f8bee104
fpack\stg\tg\010\0000.jcv,201a8e65
fpack\stg\tg\010\0100.dat,6f6f9006
fpack\stg\tg\010\0100.jcv,f26f9ca3
fpack\stg\tg\010\0200.dat,1883c944
fpack\stg\tg\010\0200.jcv,0b060a99
fpack\stg\tg\010\1108.txg,05be4519
fpack\stg\tg\010\3000.poo,c837d28c
fpack\stg\tg\010\3000.pro,30035a38
fpack\stg\tg\010\3000.sam,b95bc123
fpack\stg\tg\010\3000.sdi,b9b3ff5e
fpack\stg\tg\011\0000.dat,7d012daa
fpack\stg\tg\011\0000.jcv,4a12706a
fpack\stg\tg\011\0100.dat,202a1f24
fpack\stg\tg\011\0100.jcv,457d6f65
fpack\stg\tg\011\0200.dat,57320937
fpack\stg\tg\011\0200.jcv,0b060a99
fpack\stg\tg\011\0400.dat,1eb156fb
fpack\stg\tg\011\0400.jcv,0286f05e
fpack\stg\tg\011\1100.txg,0875f006
fpack\stg\tg\011\3000.poo,f330df87
fpack\stg\tg\011\3000.pro,078a1e03
fpack\stg\tg\011\3000.sam,208bb3df
fpack\stg\tg\011\3000.sdi,450d6d30
fpack\stg\tg\012\0000.dat,d105944b
fpack\stg\tg\012\0000.jcv,07f74e20
fpack\stg\tg\012\0100.dat,10d5ce85
fpack\stg\tg\012\0100.jcv,42313692
fpack\stg\tg\012\0200.dat,3a250214
fpack\stg\tg\012\0200.jcv,0b060a99
fpack\stg\tg\012\1107.txg,521382d5
fpack\stg\tg\012\3000.poo,5ebd3cd8
fpack\stg\tg\012\3000.pro,081bbc4c
fpack\stg\tg\012\3000.sam,c9c05b64
fpack\stg\tg\012\3000.sdi,eb943245
fpack\stg\tg\013\0000.dat,bcc9fb4d
fpack\stg\tg\013\0000.jcv,f4da09a3
fpack\stg\tg\013\0100.dat,0e2486d2
fpack\stg\tg\013\0100.jcv,1be234eb
fpack\stg\tg\013\0200.dat,5b84cd49
fpack\stg\tg\013\0200.jcv,0b060a99
fpack\stg\tg\013\0400.dat,def4a036
fpack\stg\tg\013\0400.jcv,f2073cd0
fpack\stg\tg\013\1100.txg,0875f006
fpack\stg\tg\013\3000.poo,13a871e7
fpack\stg\tg\013\3000.pro,7cb578a7
fpack\stg\tg\013\3000.sam,ff592033
fpack\stg\tg\013\3000.sdi,6ab1e9b5
fpack\stg\tg\014\0000.dat,091fe0f9
fpack\stg\tg\014\0000.jcv,f5ede2ca
fpack\stg\tg\014\0100.dat,21eaa8ce
fpack\stg\tg\014\0100.jcv,457d6f65
fpack\stg\tg\014\0200.dat,9b8dc221
fpack\stg\tg\014\0200.jcv,64379392
fpack\stg\tg\014\2000.ptl,e5b7338e
fpack\stg\tg\014\2000.ref,bf78eae4
fpack\stg\tg\014\2000.txg,7a6d6c15
fpack\stg\tg\014\3000.poo,54d88289
fpack\stg\tg\014\3000.pro,2ee52aaf
fpack\stg\tg\014\3000.sam,570f5361
fpack\stg\tg\014\3000.sdi,531909f1
fpack\stg\tg\015\0000.dat,667dd445
fpack\stg\tg\015\0000.jcv,29502e18
fpack\stg\tg\015\0100.dat,1fa6b2ab
fpack\stg\tg\015\0100.jcv,2c88f6ea
fpack\stg\tg\015\0200.dat,0be12d87
fpack\stg\tg\015\0200.jcv,64379392
fpack\stg\tg\015\3000.poo,f90b2f79
fpack\stg\tg\015\3000.pro,7788aa28
fpack\stg\tg\015\3000.sam,767c6f10
fpack\stg\tg\015\3000.sdi,b0dad5ef
fpack\stg\tg\016\0000.dat,1503d385
fpack\stg\tg\016\0000.jcv,201a8e65
fpack\stg\tg\016\0100.dat,f7d2eace
fpack\stg\tg\016\0100.jcv,457d6f65
fpack\stg\tg\016\0200.dat,7736a576
fpack\stg\tg\016\0200.jcv,64379392
fpack\stg\tg\016\3000.poo,59719ed6
fpack\stg\tg\016\3000.pro,bc736bb0
fpack\stg\tg\016\3000.sam,aabb7ab6
fpack\stg\tg\016\3000.sdi,4ded2aa7
fpack\stg\tg\017\0000.dat,b335f9e9
fpack\stg\tg\017\0000.jcv,04d949ca
fpack\stg\tg\017\0100.dat,30e51ada
fpack\stg\tg\017\0100.jcv,457d6f65
fpack\stg\tg\017\0200.dat,379e661c
fpack\stg\tg\017\0200.jcv,6941d51a
fpack\stg\tg\017\1100.txg,0875f006
fpack\stg\tg\017\3000.poo,b8f9daf0
fpack\stg\tg\017\3000.pro,aa731395
fpack\stg\tg\017\3000.sam,6e16e5c5
fpack\stg\tg\017\3000.sdi,6ed0f3ce
fpack\stg\tg\019\0000.dat,5b2208f0
fpack\stg\tg\019\0000.jcv,672428ca
fpack\stg\tg\019\0100.dat,7a9f8fca
fpack\stg\tg\019\0100.jcv,2c88f6ea
fpack\stg\tg\019\0200.dat,6080450f
fpack\stg\tg\019\0200.jcv,64379392
fpack\stg\tg\019\0400.dat,e48696f1
fpack\stg\tg\019\0400.jcv,57db10fd
fpack\stg\tg\019\1114.txg,84acd1ae
fpack\stg\tg\019\1115.txg,9501290e
fpack\stg\tg\019\2000.ptl,de9c1e63
fpack\stg\tg\019\2000.ref,f38ebba8
fpack\stg\tg\019\2000.txg,c834e51d
fpack\stg\tg\019\3000.poo,c61100da
fpack\stg\tg\019\3000.pro,ceb04ca8
fpack\stg\tg\019\3000.sam,39842c4f
fpack\stg\tg\019\3000.sdi,08bb98ed
fpack\stg\tg\020\0000.dat,49f992ce
fpack\stg\tg\020\0000.jcv,a803a671
fpack\stg\tg\020\0100.dat,dabc1605
fpack\stg\tg\020\0100.jcv,a0cd9ce1
fpack\stg\tg\020\0200.dat,6d12cec9
fpack\stg\tg\020\0200.jcv,0b060a99
fpack\stg\tg\020\1118.txg,f6f6dad8
fpack\stg\tg\020\3000.poo,b3b7d3aa
fpack\stg\tg\020\3000.pro,4e5bb4df
fpack\stg\tg\020\3000.sam,508aaf0e
fpack\stg\tg\020\3000.sdi,aa6234a8
fpack\stg\tg\021\0000.dat,5f108fcc
fpack\stg\tg\021\0000.jcv,cb27a55e
fpack\stg\tg\021\0100.dat,7d4e48db
fpack\stg\tg\021\0100.jcv,457d6f65
fpack\stg\tg\021\0200.dat,f3542679
fpack\stg\tg\021\0200.jcv,bef4f3a8
fpack\stg\tg\021\1115.txg,9501290e
fpack\stg\tg\021\1117.txg,8e2ef9a9
fpack\stg\tg\021\3000.poo,b231ace5
fpack\stg\tg\021\3000.pro,a3707e20
fpack\stg\tg\021\3000.sam,cf44203a
fpack\stg\tg\021\3000.sdi,b2b6c454
fpack\stg\tg\022\0000.dat,c16b6806
fpack\stg\tg\022\0000.jcv,ff41e4d9
fpack\stg\tg\022\0100.dat,10be3a48
fpack\stg\tg\022\0100.jcv,457d6f65
fpack\stg\tg\022\0200.dat,37720dc1
fpack\stg\tg\022\0200.jcv,64379392
fpack\stg\tg\022\1122.txg,10bf5657
fpack\stg\tg\022\3000.poo,1b4b9b80
fpack\stg\tg\022\3000.pro,88f8c568
fpack\stg\tg\022\3000.sam,dc34954c
fpack\stg\tg\022\3000.sdi,a405ee87
fpack\stg\tg\023\0000.dat,096cf3e7
fpack\stg\tg\023\0000.jcv,9faf1810
fpack\stg\tg\023\0100.dat,23f2da67
fpack\stg\tg\023\0100.jcv,457d6f65
fpack\stg\tg\023\0200.dat,00d881f4
fpack\stg\tg\023\0200.jcv,be2c38a4
fpack\stg\tg\023\1121.txg,e23b4cd6
fpack\stg\tg\023\2000.ptl,53179cf9
fpack\stg\tg\023\2000.ref,cc5d0918
fpack\stg\tg\023\2000.txg,07336f9d
fpack\stg\tg\023\3000.poo,57033267
fpack\stg\tg\023\3000.pro,68d4ea1d
fpack\stg\tg\023\3000.sam,0f6babb3
fpack\stg\tg\023\3000.sdi,60a9790a
fpack\stg\tg\024\0000.dat,6fe72734
fpack\stg\tg\024\0000.jcv,987b8d98
fpack\stg\tg\024\0100.dat,cc569617
fpack\stg\tg\024\0100.jcv,457d6f65
fpack\stg\tg\024\0200.dat,ab51d927
fpack\stg\tg\024\0200.jcv,64379392
fpack\stg\tg\024\2000.ptl,3b19459d
fpack\stg\tg\024\2000.ref,ffef2512
fpack\stg\tg\024\2000.txg,38020544
fpack\stg\tg\024\3000.poo,17f54fb1
fpack\stg\tg\024\3000.pro,2103bc3a
fpack\stg\tg\024\3000.sam,a3419bb0
fpack\stg\tg\024\3000.sdi,aa6eb545
fpack\stg\tg\025\0000.dat,faeb64ae
fpack\stg\tg\025\0000.jcv,1ee7029f
fpack\stg\tg\025\0100.dat,359ba44b
fpack\stg\tg\025\0100.jcv,457d6f65
fpack\stg\tg\025\0200.dat,3d5151ae
fpack\stg\tg\025\0200.jcv,686678e5
fpack\stg\tg\025\2000.ptl,e5b7338e
fpack\stg\tg\025\2000.ref,bf78eae4
fpack\stg\tg\025\2000.txg,7a6d6c15
fpack\stg\tg\025\3000.poo,a264ffe3
fpack\stg\tg\025\3000.pro,9d1a8441
fpack\stg\tg\025\3000.sam,a160ef56
fpack\stg\tg\025\3000.sdi,2b43e2d8
fpack\stg\tg\026\0000.dat,c487f7ae
fpack\stg\tg\026\0000.jcv,6a00c882
fpack\stg\tg\026\0100.dat,a0c70b86
fpack\stg\tg\026\0100.jcv,457d6f65
fpack\stg\tg\026\0200.dat,6be50c03
fpack\stg\tg\026\0200.jcv,64379392
fpack\stg\tg\026\1000.txg,f6001bcf
fpack\stg\tg\026\1100.txg,521382d5
fpack\stg\tg\026\2000.ptl,e5b7338e
fpack\stg\tg\026\2000.ref,bf78eae4
fpack\stg\tg\026\2000.txg,7a6d6c15
fpack\stg\tg\026\3000.poo,c6ca337a
fpack\stg\tg\026\3000.pro,98937747
fpack\stg\tg\026\3000.sam,f3479aad
fpack\stg\tg\026\3000.sdi,c68c1a7c
fpack\stg\tg\027\0000.dat,373f5c35
fpack\stg\tg\027\0000.jcv,8534c5e8
fpack\stg\tg\027\0100.dat,848b966d
fpack\stg\tg\027\0100.jcv,457d6f65
fpack\stg\tg\027\0200.dat,6a599ea7
fpack\stg\tg\027\0200.jcv,be2c38a4
fpack\stg\tg\027\2000.ptl,e5b7338e
fpack\stg\tg\027\2000.ref,bf78eae4
fpack\stg\tg\027\2000.txg,7a6d6c15
fpack\stg\tg\027\3000.poo,1f05a723
fpack\stg\tg\027\3000.pro,b1f5b86b
fpack\stg\tg\027\3000.sam,c8011b1e
fpack\stg\tg\027\3000.sdi,149368d8
fpack\stg\tg\028\0000.dat,cad9b7dd
fpack\stg\tg\028\0000.jcv,e6909292
fpack\stg\tg\028\0100.dat,c707a90e
fpack\stg\tg\028\0100.jcv,457d6f65
fpack\stg\tg\028\0200.dat,af59647e
fpack\stg\tg\028\0200.jcv,0b060a99
fpack\stg\tg\028\1108.txg,05be4519
fpack\stg\tg\028\2000.ptl,e5b7338e
fpack\stg\tg\028\2000.ref,bf78eae4
fpack\stg\tg\028\2000.txg,7a6d6c15
fpack\stg\tg\028\3000.poo,172671ec
fpack\stg\tg\028\3000.pro,bf8bc249
fpack\stg\tg\028\3000.sam,9de1b8a2
fpack\stg\tg\028\3000.sdi,8208cc05
fpack\stg\tg\029\0000.dat,e1244cd8
fpack\stg\tg\029\0000.jcv,df7e2dff
fpack\stg\tg\029\0100.dat,6e15c614
fpack\stg\tg\029\0100.jcv,457d6f65
fpack\stg\tg\029\0200.dat,173ff476
fpack\stg\tg\029\0200.jcv,64379392
fpack\stg\tg\029\1100.txg,0875f006
fpack\stg\tg\029\1106.txg,096876cb
fpack\stg\tg\029\2000.ptl,e5b7338e
fpack\stg\tg\029\2000.ref,bf78eae4
fpack\stg\tg\029\2000.txg,7a6d6c15
fpack\stg\tg\029\3000.poo,0e7c382a
fpack\stg\tg\029\3000.pro,91d3c9c2
fpack\stg\tg\029\3000.sam,c8062d9f
fpack\stg\tg\029\3000.sdi,8e0abf99
fpack\stg\tg\030\0000.dat,bd1b5108
fpack\stg\tg\030\0000.jcv,36d5642c
fpack\stg\tg\030\0100.dat,c4c77c6b
fpack\stg\tg\030\0100.jcv,457d6f65
fpack\stg\tg\030\0200.dat,0c0657ff
fpack\stg\tg\030\0200.jcv,64379392
fpack\stg\tg\030\2000.ptl,e5b7338e
fpack\stg\tg\030\2000.ref,bf78eae4
fpack\stg\tg\030\2000.txg,7a6d6c15
fpack\stg\tg\030\3000.poo,4b4fd1ed
fpack\stg\tg\030\3000.pro,f1d17ec6
fpack\stg\tg\030\3000.sam,ea9bb4f3
fpack\stg\tg\030\3000.sdi,f4f55458
fpack\stg\tg\031\0000.dat,0af44177
fpack\stg\tg\031\0000.jcv,1e6d23a0
fpack\stg\tg\031\0100.dat,b77c4ce6
fpack\stg\tg\031\0100.jcv,457d6f65
fpack\stg\tg\031\0200.dat,ab9034b9
fpack\stg\tg\031\0200.jcv,64379392
fpack\stg\tg\031\1000.txg,be7f359a
fpack\stg\tg\031\1118.txg,f6f6dad8
fpack\stg\tg\031\2000.ptl,e5b7338e
fpack\stg\tg\031\2000.ref,bf78eae4
fpack\stg\tg\031\2000.txg,7a6d6c15
fpack\stg\tg\031\3000.poo,0ada1d8a
fpack\stg\tg\031\3000.pro,b8b411e5
fpack\stg\tg\031\3000.sam,aa0d7983
fpack\stg\tg\031\3000.sdi,5ad5b6d4
fpack\stg\tg\032\0000.dat,be13711c
fpack\stg\tg\032\0000.jcv,cbcace19
fpack\stg\tg\032\0100.dat,fb65bd1b
fpack\stg\tg\032\0100.jcv,457d6f65
fpack\stg\tg\032\0200.dat,5fc0933e
fpack\stg\tg\032\0200.jcv,64379392
fpack\stg\tg\032\2000.ptl,e5b7338e
fpack\stg\tg\032\2000.ref,bf78eae4
fpack\stg\tg\032\2000.txg,7a6d6c15
fpack\stg\tg\032\3000.poo,051cf07b
fpack\stg\tg\032\3000.pro,fb7a5c42
fpack\stg\tg\032\3000.sam,ff428492
fpack\stg\tg\032\3000.sdi,9f73facb
fpack\stg\tg\cmn\0000.dat,3f226384
fpack\stg\tg\cmn\0000.jcv,457d6f65
fpack\stg\tg\cmn\0010.dat,8c338f7d
fpack\stg\tg\cmn\0010.jcv,4dc3e8ce
fpack\story\hr\gar\3000.poo,6db58afa
fpack\story\hr\gar\3000.pro,a95c23ee
fpack\story\hr\gar\3000.sam,27c55889
fpack\story\hr\gar\3000.sdi,dfd6984b
fpack\story\hr\kid\3000.poo,fee7adff
fpack\story\hr\kid\3000.pro,9cb6e0dc
fpack\story\hr\kid\3000.sam,72cc9f5e
fpack\story\hr\kid\3000.sdi,ff019fa7
fpack\story\s00.seq,de7012ec
fpack\story\s01.seq,67bafd6d
fpack\story\s02.seq,31c7b3f8
fpack\story\s03.seq,70072abc
fpack\story\s04.seq,d0f112cd
fpack\story\s05.seq,6cfc847c
fpack\story\s06.seq,1818dcbd
fpack\story\s07.seq,e222cf1b
fpack\story\s08.seq,5227a7da
fpack\story\s09.seq,5d944686
fpack\story\s0e.seq,67d7b82a
fpack\story\s10.seq,2c7581b4
fpack\story\s11.seq,bb84e5bf
fpack\story\s12.seq,721653c6
fpack\story\s13.seq,952a5901
fpack\story\s14.seq,930ee51d
fpack\story\s15.seq,5f76bd38
fpack\story\s16.seq,4157d7b0
fpack\story\s17.seq,31cac9ef
fpack\story\s18.seq,cf07643a
fpack\story\s19.seq,593d65e1
fpack\story\s1e.seq,989b52a2
fpack\story\s20.seq,c48c154f
fpack\story\s21.seq,d2f649ee
fpack\story\s22.seq,de48f543
fpack\story\s23.seq,6465f179
fpack\story\s24.seq,86e83d1d
fpack\story\story\0000.txg,cdfe6855
fpack\story\story\0030.txg,c8bbaded
fpack\story\story\0031.txg,44172b88
fpack\story\story\0032.txg,21196670
fpack\story\story\0033.txg,6dae6db8
fpack\story\story\0034.txg,2930692f
fpack\story\story\0035.txg,9d00e3d3
fpack\story\story\0036.txg,5b1b02c2
fpack\story\story\0037.txg,16b69f50
fpack\story\story\0038.txg,00785430
fpack\story\story\0039.txg,e3d73bb8
fpack\story\story\0040.txg,8d843802
fpack\story\story\0041.txg,6c3acf31
fpack\story\story\0042.txg,afd09770
fpack\story\story\0043.txg,1ac01134
fpack\story\story\0044.txg,ae9e59fc
fpack\story\story\0045.txg,0a6b66c7
fpack\story\story\0046.txg,07a9d42c
fpack\story\story\0047.txg,2be8cf3c
fpack\story\story\0048.txg,6b9cc5f9
fpack\story\story\0049.txg,959f8953
fpack\story\story\0050.txg,c08789f4
fpack\story\story\0051.txg,e7043d89
fpack\story\story\0052.txg,afc2351c
fpack\story\story\0053.txg,0c06e3ea
fpack\story\story\0054.txg,6d436798
fpack\story\story\0100.txg,44625cca
fpack\story\story\0101.txg,e87969c2
fpack\story\story\0102.txg,2af7a67a
fpack\story\story\0103.txg,72497ab2
fpack\story\story\0104.txg,a3703cf6
fpack\story\story\0105.txg,b2c9315f
fpack\story\story\0106.txg,b4028252
fpack\story\story\0107.txg,81401943
fpack\story\story\0108.txg,7b1a8d50
fpack\story\story\0109.txg,c4053a69
fpack\story\story\0110.txg,1f8a00d6
fpack\story\story\0111.txg,7e8a4442
fpack\story\story\0112.txg,4830a579
fpack\story\story\0113.txg,7d579b09
fpack\story\story\0114.txg,b11ff440
fpack\story\story\0115.txg,ea330873
fpack\story\story\0116.txg,28cecee2
fpack\story\story\0117.txg,5bca10c3
fpack\story\story\0118.txg,ee782bfc
fpack\story\story\0119.txg,082b9dcb
fpack\story\story\0120.txg,aea371fb
fpack\story\story\0121.txg,53e01d56
fpack\story\story\0122.txg,3c35bcf8
fpack\story\story\0123.txg,291f9821
fpack\story\story\0124.txg,00cb77a7
fpack\story\story\0125.txg,eea1bfd4
fpack\story\story\0190.txg,6eed3425
fpack\story\story\0191.txg,3a2ed107
fpack\story\story\0210.txg,be80f1ea
fpack\story\story\0211.txg,da5e5c81
fpack\story\story\0212.txg,7cbaa8b6
fpack\story\story\0213.txg,6a52d19e
fpack\story\story\0214.txg,5f186cf2
fpack\story\story\0215.txg,90084a07
fpack\story\story\0216.txg,3614e18b
fpack\story\story\0217.txg,123b8c65
fpack\story\story\0218.txg,09ba9789
fpack\story\story\0219.txg,fed37354
fpack\story\story\0220.txg,f56d3e12
fpack\story\story\0221.txg,ca4cb8c7
fpack\story\story\0222.txg,187f0c24
fpack\story\story\0223.txg,0d3118e5
fpack\story\story\0224.txg,9980d8ce
fpack\story\story\0225.txg,80507f3a
fpack\story\story\0226.txg,72ff2115
fpack\story\story\0227.txg,5b465473
fpack\story\story\0228.txg,a9a4fbbe
fpack\story\story\0229.txg,99268b20
fpack\story\story\0230.txg,54d27c78
fpack\story\story\0231.txg,a5dccde0
fpack\story\story\0232.txg,4de8bce2
fpack\story\tg\010\3000.poo,c837d28c
fpack\story\tg\010\3000.pro,30035a38
fpack\story\tg\010\3000.sam,b95bc123
fpack\story\tg\010\3000.sdi,b9b3ff5e
fpack\tem\\4201.txg,42579e43
fpack\tg\001\0000.seq,e0c966f1
fpack\tg\001\0100.seq,4b398a6f
fpack\tg\002\0000.seq,11641c6c
fpack\tg\002\0100.seq,e16c88c5
fpack\tg\003\0000.seq,950eb667
fpack\tg\003\0100.seq,128f9eb8
fpack\tg\004\0000.seq,eb346880
fpack\tg\004\0100.seq,87859a1b
fpack\tg\005\0000.seq,c75c0960
fpack\tg\005\0100.seq,b7be8b0d
fpack\tg\006\0000.seq,c7006d61
fpack\tg\006\0100.seq,9f78b8b6
fpack\tg\007\0000.seq,a4f4795a
fpack\tg\007\0100.seq,c4b1f9ec
fpack\tg\008\0000.seq,8bb2dfbc
fpack\tg\008\0100.seq,75d7ca66
fpack\tg\009\0000.seq,4ddf1248
fpack\tg\009\0100.seq,828c6486
fpack\tg\010\0000.seq,c9560997
fpack\tg\010\0100.seq,09382132
fpack\tg\011\0000.seq,88c645c8
fpack\tg\011\0100.seq,d273b84e
fpack\tg\012\0000.seq,3efae5f8
fpack\tg\012\0100.seq,c1ffaf96
fpack\tg\013\0000.seq,eb803adb
fpack\tg\013\0100.seq,99c72ed9
fpack\tg\014\0000.seq,7bf44754
fpack\tg\014\0100.seq,4a9b5d34
fpack\tg\015\0000.seq,4739f225
fpack\tg\015\0100.seq,cdc1a5b8
fpack\tg\016\0000.seq,6ca2cff3
fpack\tg\016\0100.seq,d8f63954
fpack\tg\017\0000.seq,8488ae65
fpack\tg\017\0100.seq,cc3564ff
fpack\tg\019\0000.seq,8cffce24
fpack\tg\019\0100.seq,dd3a5839
fpack\tg\020\0000.seq,5fb797d1
fpack\tg\020\0100.seq,99064dcd
fpack\tg\021\0000.seq,295d613e
fpack\tg\021\0100.seq,1de423be
fpack\tg\022\0000.seq,b9c2371c
fpack\tg\022\0100.seq,505411c5
fpack\tg\023\0000.seq,e0541338
fpack\tg\023\0100.seq,3471bd90
fpack\tg\024\0000.seq,24115e62
fpack\tg\024\0100.seq,5050e254
fpack\tg\025\0000.seq,b6ef933f
fpack\tg\025\0100.seq,11b994d5
fpack\tg\026\0000.seq,aaf78ac4
fpack\tg\026\0100.seq,4a9f3e97
fpack\tg\027\0000.seq,368e7de2
fpack\tg\027\0100.seq,01d1fe55
fpack\tg\028\0000.seq,77d7efde
fpack\tg\028\0100.seq,01ff933c
fpack\tg\029\0000.seq,0056f288
fpack\tg\029\0100.seq,592051fb
fpack\tg\030\0000.seq,32cbe94a
fpack\tg\030\0100.seq,01d1fe55
fpack\tg\031\0000.seq,1ebc539e
fpack\tg\031\0100.seq,22d65f40
fpack\tg\032\0000.seq,531c8ebb
fpack\tg\032\0100.seq,01d1fe55
fpack\title\0000.mot,f586caa4
fpack\title\0000.txg,a64a9e6c
fpack\title\0001.txg,aae03450
fpack\title\0100.txg,247bb6d6
fpack\title\0101.txg,e59c5520
fpack\title\0200.txg,502d3713
fpack\title\0201.txg,23fa6af6
fpack\title\0202.txg,c272185b
fpack\title\0203.txg,036a57aa
fpack\title\0204.txg,df608133
fpack\title\0205.txg,d263b51e
fpack\unite\te\000\0000.mot,3739b8ec
fpack\unite\te\000\3000.poo,dae2b104
fpack\unite\te\000\3000.pro,b652c2b7
fpack\unite\te\000\3000.sam,598894c3
fpack\unite\te\000\3000.sdi,076cebe5
fpack\unite\te\001\0000.mot,c2d314d5
fpack\unite\te\001\3000.poo,dabb924d
fpack\unite\te\001\3000.pro,4f8af10c
fpack\unite\te\001\3000.sam,11df69bf
fpack\unite\te\001\3000.sdi,0e16db54
fpack\unite\te\002\0000.mot,dbdc2217
fpack\unite\te\002\3000.poo,2859526b
fpack\unite\te\002\3000.pro,77043a85
fpack\unite\te\002\3000.sam,55337a45
fpack\unite\te\002\3000.sdi,b4ab3eb0
fpack\unite\te\003\0000.mot,aa41e457
fpack\unite\te\003\3000.poo,d8caf886
fpack\unite\te\003\3000.pro,cc3a0172
fpack\unite\te\003\3000.sam,baca49a2
fpack\unite\te\003\3000.sdi,44fab0b3
fpack\unite\te\004\0000.mot,c3789f7e
fpack\unite\te\004\3000.poo,fb96904c
fpack\unite\te\004\3000.pro,dfa6d3df
fpack\unite\te\004\3000.sam,32f3c534
fpack\unite\te\004\3000.sdi,662603a8
fpack\unite\te\005\0000.mot,a5bf12a4
fpack\unite\te\005\3000.poo,14861402
fpack\unite\te\005\3000.pro,e76ce279
fpack\unite\te\005\3000.sam,de25d2f4
fpack\unite\te\005\3000.sdi,56ef57b4
fpack\unite\te\006\0000.mot,5876f845
fpack\unite\te\006\3000.poo,6ba41497
fpack\unite\te\006\3000.pro,00028f6c
fpack\unite\te\006\3000.sam,46abd7f0
fpack\unite\te\006\3000.sdi,90d333c2
fpack\unite\te\007\0000.mot,e7110afd
fpack\unite\te\007\3000.poo,61935d5f
fpack\unite\te\007\3000.pro,8aa9aab6
fpack\unite\te\007\3000.sam,06e8d2d2
fpack\unite\te\007\3000.sdi,379114b0
fpack\unite\te\008\0000.mot,a33d2a86
fpack\unite\te\008\3000.poo,60adb186
fpack\unite\te\008\3000.pro,deb27866
fpack\unite\te\008\3000.sam,77731063
fpack\unite\te\008\3000.sdi,e9ac1439
fpack\unite\te\009\0000.mot,510e2807
fpack\unite\te\009\3000.poo,1666b8c2
fpack\unite\te\009\3000.pro,8c0bed2c
fpack\unite\te\009\3000.sam,0ad56232
fpack\unite\te\009\3000.sdi,7c2eae34
fpack\unite\te\010\0000.mot,94e756a3
fpack\unite\te\010\3000.poo,36133906
fpack\unite\te\010\3000.pro,e9f62ef9
fpack\unite\te\010\3000.sam,369cc87c
fpack\unite\te\010\3000.sdi,2707cc15
fpack\unite\te\011\0000.mot,2ba27c3c
fpack\unite\te\011\3000.poo,19a6393e
fpack\unite\te\011\3000.pro,72829e0a
fpack\unite\te\011\3000.sam,e9b4d63e
fpack\unite\te\011\3000.sdi,f9162ca5
fpack\unite\te\012\0000.mot,cdb965e0
fpack\unite\te\012\3000.poo,760f6465
fpack\unite\te\012\3000.pro,bbf814c0
fpack\unite\te\012\3000.sam,12e66e11
fpack\unite\te\012\3000.sdi,7d3690b5
fpack\unite\te\013\0000.mot,27569b55
fpack\unite\te\013\3000.poo,2df7f63f
fpack\unite\te\013\3000.pro,29cc7a0a
fpack\unite\te\013\3000.sam,ca7b1d89
fpack\unite\te\013\3000.sdi,75ec9cf7
fpack\unite\te\014\0000.mot,d28ba33e
fpack\unite\te\014\3000.poo,652b5d0f
fpack\unite\te\014\3000.pro,18016e5a
fpack\unite\te\014\3000.sam,7e90a4aa
fpack\unite\te\014\3000.sdi,9ba6c002
fpack\uro\loading.seq,df9c4021
fpack\vs\ank\4200.txg,c356d9fd
fpack\vs\bou\4200.txg,c286f909
fpack\vs\cho\4200.txg,3794fd64
fpack\vs\dog\4200.txg,72c5529b
fpack\vs\gai\4200.txg,eb76d4da
fpack\vs\gar\4200.txg,cf00d423
fpack\vs\hak\4200.txg,f308e682
fpack\vs\hi2\4200.txg,8b32b032
fpack\vs\hin\4200.txg,3cfc63a4
fpack\vs\ino\4200.txg,711a9c68
fpack\vs\iru\4200.txg,a366597d
fpack\vs\ita\4200.txg,00505d92
fpack\vs\jir\4200.txg,b027c46f
fpack\vs\kab\4200.txg,c2b9690b
fpack\vs\kak\4200.txg,4e46ee4c
fpack\vs\kan\4200.txg,bb68527f
fpack\vs\kar\4200.txg,f2dfe77e
fpack\vs\kib\4200.txg,4da76753
fpack\vs\kid\4200.txg,c05e0bf2
fpack\vs\kim\4200.txg,888dedd3
fpack\vs\kis\4200.txg,6b0df577
fpack\vs\loc\4200.txg,302ee397
fpack\vs\miz\4200.txg,b69e76d6
fpack\vs\na9\4200.txg,2d58ae96
fpack\vs\nar\4200.txg,11f68ca0
fpack\vs\nej\4200.txg,e157f465
fpack\vs\obo\4200.txg,32386bf3
fpack\vs\oro\4200.txg,a3e49a8f
fpack\vs\sa2\4200.txg,56a86c8d
fpack\vs\sak\4200.txg,4cc999d7
fpack\vs\sar\4200.txg,2f0fd62d
fpack\vs\sas\4200.txg,a55d06fe
fpack\vs\sik\4200.txg,a6597e9b
fpack\vs\sin\4200.txg,06c91aa6
fpack\vs\sko\4200.txg,bf7be626
fpack\vs\tay\4200.txg,ac483344
fpack\vs\tem\4200.txg,fdde6d71
fpack\vs\ten\4200.txg,e6ebae2a
fpack\vs\tsu\4200.txg,a390d248
fpack\vs\zab\4200.txg,a03b6eb1
movie\8ing.h4m,c31d930f
movie\ending.h4m,9e3f1884
movie\opening.h4m,cbe1da00
movie\Tomy.h4m,f21b9a58
opening.bnr,b780dfd4