fpack\chr\ank0000.fpk;fpack\chr\hr\ank\0000.dat,fpack\chr\hr\ank\0000.jcv
fpack\chr\ank0100.fpk;fpack\chr\hr\ank\0100.dat,fpack\chr\hr\ank\0100.jcv
fpack\chr\ank1000.fpk;fpack\chr\hr\ank\0000.mot,fpack\chr\hr\ank\0001.mot,fpack\chr\hr\ank\1000.dat,fpack\chr\hr\ank\1000.jcv,fpack\chr\hr\ank\1000.txg,fpack\chr\hr\ank\1001.txg,fpack\chr\hr\ank\1100.dat,fpack\chr\hr\ank\1100.jcv,fpack\chr\hr\ank\1101.dat,fpack\chr\hr\ank\1101.jcv,fpack\chr\hr\ank\1102.dat,fpack\chr\hr\ank\1102.jcv,fpack\chr\hr\ank\1103.dat,fpack\chr\hr\ank\1103.jcv,fpack\chr\hr\ank\1300.txg,fpack\chr\hr\ank\2000.ptl,fpack\chr\hr\ank\2000.ref,fpack\chr\hr\ank\2000.txg
fpack\chr\ank3000.fpk;fpack\chr\hr\ank\3000.poo,fpack\chr\hr\ank\3000.pro,fpack\chr\hr\ank\3000.sam,fpack\chr\hr\ank\3000.sdi
fpack\chr\ank4000.fpk;fpack\chr\hr\ank\4000.txg
fpack\chr\ank4100.fpk;fpack\chr\hr\ank\4100.txg
fpack\chr\ank4300.fpk;fpack\chr\hr\ank\4300.txg
fpack\chr\bou0000.fpk;fpack\chr\hr\bou\0000.dat,fpack\chr\hr\bou\0010.dat,fpack\chr\hr\bou\0000.jcv,fpack\chr\hr\bou\0010.jcv
fpack\chr\bou0100.fpk;fpack\chr\hr\bou\0100.dat,fpack\chr\hr\bou\0110.dat,fpack\chr\hr\bou\0100.jcv,fpack\chr\hr\bou\0110.jcv
fpack\chr\bou1000.fpk;fpack\chr\hr\bou\0000.mot,fpack\chr\hr\bou\0001.mot,fpack\chr\hr\bou\1000.dat,fpack\chr\hr\bou\1000.jcv,fpack\chr\hr\bou\1000.txg,fpack\chr\hr\bou\1001.dat,fpack\chr\hr\bou\1001.jcv,fpack\chr\hr\bou\1001.txg,fpack\chr\hr\bou\1002.dat,fpack\chr\hr\bou\1002.jcv,fpack\chr\hr\bou\1002.mot,fpack\chr\hr\bou\1003.dat,fpack\chr\hr\bou\1003.jcv,fpack\chr\hr\bou\1004.dat,fpack\chr\hr\bou\1004.jcv,fpack\chr\hr\bou\1005.dat,fpack\chr\hr\bou\1005.jcv,fpack\chr\hr\bou\1006.dat,fpack\chr\hr\bou\1006.jcv,fpack\chr\hr\bou\1007.dat,fpack\chr\hr\bou\1007.jcv,fpack\chr\hr\bou\1008.dat,fpack\chr\hr\bou\1008.jcv,fpack\chr\hr\bou\1100.dat,fpack\chr\hr\bou\1100.jcv,fpack\chr\hr\bou\1300.txg,fpack\chr\hr\bou\2000.ptl,fpack\chr\hr\bou\2000.ref,fpack\chr\hr\bou\2000.txg
fpack\chr\bou3000.fpk;fpack\chr\hr\bou\3000.poo,fpack\chr\hr\bou\3000.pro,fpack\chr\hr\bou\3000.sam,fpack\chr\hr\bou\3000.sdi
fpack\chr\bou4000.fpk;fpack\chr\hr\bou\4000.txg
fpack\chr\bou4100.fpk;fpack\chr\hr\bou\4100.txg
fpack\chr\bou4300.fpk;fpack\chr\hr\bou\4300.txg
fpack\chr\cho0000.fpk;fpack\chr\hr\cho\0000.dat,fpack\chr\hr\cho\0010.dat,fpack\chr\hr\cho\0000.jcv,fpack\chr\hr\cho\0010.jcv
fpack\chr\cho0100.fpk;fpack\chr\hr\cho\0100.dat,fpack\chr\hr\cho\0110.dat,fpack\chr\hr\cho\0100.jcv,fpack\chr\hr\cho\0110.jcv
fpack\chr\cho1000.fpk;fpack\chr\hr\cho\0000.mot,fpack\chr\hr\cho\0001.mot,fpack\chr\hr\cho\1000.dat,fpack\chr\hr\cho\1000.jcv,fpack\chr\hr\cho\1000.txg,fpack\chr\hr\cho\1001.dat,fpack\chr\hr\cho\1001.jcv,fpack\chr\hr\cho\1001.txg,fpack\chr\hr\cho\1002.dat,fpack\chr\hr\cho\1002.jcv,fpack\chr\hr\cho\1002.mot,fpack\chr\hr\cho\1003.dat,fpack\chr\hr\cho\1003.jcv,fpack\chr\hr\cho\1100.dat,fpack\chr\hr\cho\1100.jcv,fpack\chr\hr\cho\1300.txg,fpack\chr\hr\cho\2000.ptl,fpack\chr\hr\cho\2000.ref,fpack\chr\hr\cho\2000.txg,fpack\chr\hr\cho\2002.ptl,fpack\chr\hr\cho\2002.ref,fpack\chr\hr\cho\2002.txg
fpack\chr\cho3000.fpk;fpack\chr\hr\cho\3000.poo,fpack\chr\hr\cho\3000.pro,fpack\chr\hr\cho\3000.sam,fpack\chr\hr\cho\3000.sdi
fpack\chr\cho4000.fpk;fpack\chr\hr\cho\4000.txg
fpack\chr\cho4100.fpk;fpack\chr\hr\cho\4100.txg
fpack\chr\cho4300.fpk;fpack\chr\hr\cho\4300.txg
fpack\chr\cmn0000.fpk;fpack\chr\hr\cmn\0000.mot,fpack\chr\hr\cmn\1000.dat,fpack\chr\hr\cmn\1000.jcv,fpack\chr\hr\cmn\1000.txg,fpack\chr\hr\cmn\1001.dat,fpack\chr\hr\cmn\1001.jcv,fpack\chr\hr\cmn\1001.txg,fpack\chr\hr\cmn\1002.dat,fpack\chr\hr\cmn\1002.jcv,fpack\chr\hr\cmn\1003.dat,fpack\chr\hr\cmn\1003.jcv,fpack\chr\hr\cmn\1004.dat,fpack\chr\hr\cmn\1004.jcv,fpack\chr\hr\cmn\1005.dat,fpack\chr\hr\cmn\1005.jcv,fpack\chr\hr\cmn\1006.dat,fpack\chr\hr\cmn\1006.jcv,fpack\chr\hr\cmn\1007.dat,fpack\chr\hr\cmn\1007.jcv,fpack\chr\hr\cmn\1008.dat,fpack\chr\hr\cmn\1008.jcv,fpack\chr\hr\cmn\1009.dat,fpack\chr\hr\cmn\1009.jcv,fpack\chr\hr\cmn\1010.dat,fpack\chr\hr\cmn\1010.jcv,fpack\chr\hr\cmn\1011.dat,fpack\chr\hr\cmn\1011.jcv,fpack\chr\hr\cmn\1012.dat,fpack\chr\hr\cmn\1012.jcv,fpack\chr\hr\cmn\1013.dat,fpack\chr\hr\cmn\1013.jcv,fpack\chr\hr\cmn\1014.dat,fpack\chr\hr\cmn\1014.jcv,fpack\chr\hr\cmn\2001.ptl,fpack\chr\hr\cmn\2001.ref,fpack\chr\hr\cmn\2001.txg,fpack\chr\hr\cmn\2002.ptl,fpack\chr\hr\cmn\2002.ref,fpack\chr\hr\cmn\2002.txg
fpack\chr\dog0000.fpk;fpack\chr\hr\dog\0000.dat,fpack\chr\hr\dog\0000.jcv
fpack\chr\dog0100.fpk;fpack\chr\hr\dog\0100.dat,fpack\chr\hr\dog\0100.jcv
fpack\chr\dog1000.fpk;fpack\chr\hr\dog\0000.mot,fpack\chr\hr\dog\0001.mot,fpack\chr\hr\dog\1000.txg,fpack\chr\hr\dog\1001.txg,fpack\chr\hr\dog\1100.dat,fpack\chr\hr\dog\1100.jcv,fpack\chr\hr\dog\1101.dat,fpack\chr\hr\dog\1101.jcv,fpack\chr\hr\dog\1300.txg,fpack\chr\hr\dog\2000.ptl,fpack\chr\hr\dog\2000.ref,fpack\chr\hr\dog\2000.txg
fpack\chr\dog3000.fpk;fpack\chr\hr\dog\3000.poo,fpack\chr\hr\dog\3000.pro,fpack\chr\hr\dog\3000.sam,fpack\chr\hr\dog\3000.sdi
fpack\chr\dog4000.fpk;fpack\chr\hr\dog\4000.txg
fpack\chr\dog4100.fpk;fpack\chr\hr\dog\4100.txg
fpack\chr\gai0000.fpk;fpack\chr\hr\gai\0000.dat,fpack\chr\hr\gai\0000.jcv
fpack\chr\gai0100.fpk;fpack\chr\hr\gai\0100.dat,fpack\chr\hr\gai\0100.jcv
fpack\chr\gai1000.fpk;fpack\chr\hr\gai\0000.mot,fpack\chr\hr\gai\0001.mot,fpack\chr\hr\gai\1000.dat,fpack\chr\hr\gai\1000.jcv,fpack\chr\hr\gai\1000.txg,fpack\chr\hr\gai\1001.dat,fpack\chr\hr\gai\1001.jcv,fpack\chr\hr\gai\1001.txg,fpack\chr\hr\gai\1002.dat,fpack\chr\hr\gai\1002.jcv,fpack\chr\hr\gai\1003.dat,fpack\chr\hr\gai\1003.jcv,fpack\chr\hr\gai\1004.dat,fpack\chr\hr\gai\1004.jcv,fpack\chr\hr\gai\1005.dat,fpack\chr\hr\gai\1005.jcv,fpack\chr\hr\gai\1006.dat,fpack\chr\hr\gai\1006.jcv,fpack\chr\hr\gai\1007.dat,fpack\chr\hr\gai\1007.jcv,fpack\chr\hr\gai\1008.dat,fpack\chr\hr\gai\1008.jcv,fpack\chr\hr\gai\1300.txg,fpack\chr\hr\gai\2000.ptl,fpack\chr\hr\gai\2000.ref,fpack\chr\hr\gai\2000.txg
fpack\chr\gai3000.fpk;fpack\chr\hr\gai\3000.poo,fpack\chr\hr\gai\3000.pro,fpack\chr\hr\gai\3000.sam,fpack\chr\hr\gai\3000.sdi
fpack\chr\gai4000.fpk;fpack\chr\hr\gai\4000.txg
fpack\chr\gai4100.fpk;fpack\chr\hr\gai\4100.txg
fpack\chr\gai4300.fpk;fpack\chr\hr\gai\4300.txg
fpack\chr\gar0000.fpk;fpack\chr\hr\gar\0000.dat,fpack\chr\hr\gar\0000.jcv
fpack\chr\gar0100.fpk;fpack\chr\hr\gar\0100.dat,fpack\chr\hr\gar\0100.jcv
fpack\chr\gar1000.fpk;fpack\chr\hr\gar\0000.mot,fpack\chr\hr\gar\0001.mot,fpack\chr\hr\gar\1000.dat,fpack\chr\hr\gar\1000.jcv,fpack\chr\hr\gar\1000.txg,fpack\chr\hr\gar\1001.dat,fpack\chr\hr\gar\1001.jcv,fpack\chr\hr\gar\1001.txg,fpack\chr\hr\gar\1002.dat,fpack\chr\hr\gar\1002.jcv,fpack\chr\hr\gar\1002.txg,fpack\chr\hr\gar\1003.dat,fpack\chr\hr\gar\1003.jcv,fpack\chr\hr\gar\1003.txg,fpack\chr\hr\gar\1004.dat,fpack\chr\hr\gar\1004.jcv,fpack\chr\hr\gar\1005.dat,fpack\chr\hr\gar\1005.jcv,fpack\chr\hr\gar\1006.dat,fpack\chr\hr\gar\1006.jcv,fpack\chr\hr\gar\1007.dat,fpack\chr\hr\gar\1007.jcv,fpack\chr\hr\gar\1008.dat,fpack\chr\hr\gar\1008.jcv,fpack\chr\hr\gar\1100.dat,fpack\chr\hr\gar\1100.jcv,fpack\chr\hr\gar\1101.dat,fpack\chr\hr\gar\1101.jcv,fpack\chr\hr\gar\1102.dat,fpack\chr\hr\gar\1102.jcv,fpack\chr\hr\gar\1103.dat,fpack\chr\hr\gar\1103.jcv,fpack\chr\hr\gar\1104.dat,fpack\chr\hr\gar\1104.jcv,fpack\chr\hr\gar\1105.dat,fpack\chr\hr\gar\1105.jcv,fpack\chr\hr\gar\1106.dat,fpack\chr\hr\gar\1106.jcv,fpack\chr\hr\gar\1300.txg,fpack\chr\hr\gar\2000.ptl,fpack\chr\hr\gar\2000.ref,fpack\chr\hr\gar\2000.txg
fpack\chr\gar3000.fpk;fpack\chr\hr\gar\3000.poo,fpack\chr\hr\gar\3000.pro,fpack\chr\hr\gar\3000.sam,fpack\chr\hr\gar\3000.sdi
fpack\chr\gar4000.fpk;fpack\chr\hr\gar\4000.txg,fpack\chr\hr\gar\4001.txg
fpack\chr\gar4100.fpk;fpack\chr\hr\gar\4100.txg
fpack\chr\gar4300.fpk;fpack\chr\hr\gar\4300.txg,fpack\chr\hr\gar\4301.txg
fpack\chr\hak0000.fpk;fpack\chr\hr\hak\0000.dat,fpack\chr\hr\hak\0000.jcv
fpack\chr\hak0100.fpk;fpack\chr\hr\hak\0100.dat,fpack\chr\hr\hak\0100.jcv
fpack\chr\hak1000.fpk;fpack\chr\hr\hak\0000.mot,fpack\chr\hr\hak\0001.mot,fpack\chr\hr\hak\1000.dat,fpack\chr\hr\hak\1000.jcv,fpack\chr\hr\hak\1000.txg,fpack\chr\hr\hak\1001.dat,fpack\chr\hr\hak\1001.jcv,fpack\chr\hr\hak\1001.txg,fpack\chr\hr\hak\1002.dat,fpack\chr\hr\hak\1002.jcv,fpack\chr\hr\hak\1003.dat,fpack\chr\hr\hak\1003.jcv,fpack\chr\hr\hak\1004.dat,fpack\chr\hr\hak\1004.jcv,fpack\chr\hr\hak\1100.dat,fpack\chr\hr\hak\1100.jcv,fpack\chr\hr\hak\1101.dat,fpack\chr\hr\hak\1101.jcv,fpack\chr\hr\hak\1102.dat,fpack\chr\hr\hak\1102.jcv,fpack\chr\hr\hak\1300.txg,fpack\chr\hr\hak\1401.txg,fpack\chr\hr\hak\2000.ptl,fpack\chr\hr\hak\2000.ref,fpack\chr\hr\hak\2000.txg
fpack\chr\hak3000.fpk;fpack\chr\hr\hak\3000.poo,fpack\chr\hr\hak\3000.pro,fpack\chr\hr\hak\3000.sam,fpack\chr\hr\hak\3000.sdi
fpack\chr\hak4000.fpk;fpack\chr\hr\hak\4000.txg
fpack\chr\hak4100.fpk;fpack\chr\hr\hak\4100.txg
fpack\chr\hak4300.fpk;fpack\chr\hr\hak\4300.txg
fpack\chr\hi20000.fpk;fpack\chr\hr\hi2\0000.dat,fpack\chr\hr\hi2\0000.jcv
fpack\chr\hi20100.fpk;fpack\chr\hr\hi2\0100.dat,fpack\chr\hr\hi2\0100.jcv
fpack\chr\hi21000.fpk;fpack\chr\hr\hi2\0000.mot,fpack\chr\hr\hi2\0001.mot,fpack\chr\hr\hi2\1000.dat,fpack\chr\hr\hi2\1000.jcv,fpack\chr\hr\hi2\1000.txg,fpack\chr\hr\hi2\1001.dat,fpack\chr\hr\hi2\1001.jcv,fpack\chr\hr\hi2\1001.txg,fpack\chr\hr\hi2\1002.dat,fpack\chr\hr\hi2\1002.jcv,fpack\chr\hr\hi2\1003.dat,fpack\chr\hr\hi2\1003.jcv,fpack\chr\hr\hi2\1004.dat,fpack\chr\hr\hi2\1004.jcv,fpack\chr\hr\hi2\1005.dat,fpack\chr\hr\hi2\1005.jcv,fpack\chr\hr\hi2\1006.dat,fpack\chr\hr\hi2\1006.jcv,fpack\chr\hr\hi2\1007.dat,fpack\chr\hr\hi2\1007.jcv,fpack\chr\hr\hi2\1100.dat,fpack\chr\hr\hi2\1100.jcv,fpack\chr\hr\hi2\1101.dat,fpack\chr\hr\hi2\1101.jcv,fpack\chr\hr\hi2\1102.dat,fpack\chr\hr\hi2\1102.jcv,fpack\chr\hr\hi2\1300.txg,fpack\chr\hr\hi2\2000.ptl,fpack\chr\hr\hi2\2000.ref,fpack\chr\hr\hi2\2000.txg
fpack\chr\hi23000.fpk;fpack\chr\hr\hi2\3000.poo,fpack\chr\hr\hi2\3000.pro,fpack\chr\hr\hi2\3000.sam,fpack\chr\hr\hi2\3000.sdi
fpack\chr\hi24000.fpk;fpack\chr\hr\hi2\4000.txg
fpack\chr\hi24100.fpk;fpack\chr\hr\hi2\4100.txg
fpack\chr\hi24300.fpk;fpack\chr\hr\hi2\4300.txg
fpack\chr\hin0000.fpk;fpack\chr\hr\hin\0000.dat,fpack\chr\hr\hin\0000.jcv
fpack\chr\hin0100.fpk;fpack\chr\hr\hin\0100.dat,fpack\chr\hr\hin\0100.jcv
fpack\chr\hin1000.fpk;fpack\chr\hr\hin\0000.mot,fpack\chr\hr\hin\0001.mot,fpack\chr\hr\hin\1000.dat,fpack\chr\hr\hin\1000.jcv,fpack\chr\hr\hin\1000.txg,fpack\chr\hr\hin\1001.dat,fpack\chr\hr\hin\1001.jcv,fpack\chr\hr\hin\1001.txg,fpack\chr\hr\hin\1100.dat,fpack\chr\hr\hin\1100.jcv,fpack\chr\hr\hin\1101.dat,fpack\chr\hr\hin\1101.jcv,fpack\chr\hr\hin\1300.txg,fpack\chr\hr\hin\2000.ptl,fpack\chr\hr\hin\2000.ref,fpack\chr\hr\hin\2000.txg
fpack\chr\hin3000.fpk;fpack\chr\hr\hin\3000.poo,fpack\chr\hr\hin\3000.pro,fpack\chr\hr\hin\3000.sam,fpack\chr\hr\hin\3000.sdi
fpack\chr\hin4000.fpk;fpack\chr\hr\hin\4000.txg
fpack\chr\hin4100.fpk;fpack\chr\hr\hin\4100.txg
fpack\chr\hin4300.fpk;fpack\chr\hr\hin\4300.txg
fpack\chr\ino0000.fpk;fpack\chr\hr\ino\0000.dat,fpack\chr\hr\ino\0000.jcv
fpack\chr\ino0100.fpk;fpack\chr\hr\ino\0100.dat,fpack\chr\hr\ino\0100.jcv
fpack\chr\ino0200.fpk;fpack\chr\hr\ino\0200.dat,fpack\chr\hr\ino\0200.jcv
fpack\chr\ino0300.fpk;fpack\chr\hr\ino\0300.dat,fpack\chr\hr\ino\0300.jcv
fpack\chr\ino1000.fpk;fpack\chr\hr\ino\0000.mot,fpack\chr\hr\ino\0001.mot,fpack\chr\hr\ino\1000.dat,fpack\chr\hr\ino\1000.jcv,fpack\chr\hr\ino\1000.mot,fpack\chr\hr\ino\1000.txg,fpack\chr\hr\ino\1001.dat,fpack\chr\hr\ino\1001.jcv,fpack\chr\hr\ino\1001.txg,fpack\chr\hr\ino\1002.dat,fpack\chr\hr\ino\1002.jcv,fpack\chr\hr\ino\1003.dat,fpack\chr\hr\ino\1003.jcv,fpack\chr\hr\ino\1004.dat,fpack\chr\hr\ino\1004.jcv,fpack\chr\hr\ino\1100.dat,fpack\chr\hr\ino\1100.jcv,fpack\chr\hr\ino\1101.dat,fpack\chr\hr\ino\1101.jcv,fpack\chr\hr\ino\1300.txg,fpack\chr\hr\ino\2000.ptl,fpack\chr\hr\ino\2000.ref,fpack\chr\hr\ino\2000.txg
fpack\chr\ino3000.fpk;fpack\chr\hr\ino\3000.poo,fpack\chr\hr\ino\3000.pro,fpack\chr\hr\ino\3000.sam,fpack\chr\hr\ino\3000.sdi
fpack\chr\ino4000.fpk;fpack\chr\hr\ino\4000.txg,fpack\chr\hr\ino\4001.txg
fpack\chr\ino4100.fpk;fpack\chr\hr\ino\4100.txg
fpack\chr\ino4300.fpk;fpack\chr\hr\ino\4300.txg,fpack\chr\hr\ino\4301.txg
fpack\chr\iru0000.fpk;fpack\chr\hr\iru\0000.dat,fpack\chr\hr\iru\0000.jcv
fpack\chr\iru0100.fpk;fpack\chr\hr\iru\0100.dat,fpack\chr\hr\iru\0100.jcv
fpack\chr\iru1000.fpk;fpack\chr\hr\iru\0000.mot,fpack\chr\hr\iru\0001.mot,fpack\chr\hr\iru\1000.txg,fpack\chr\hr\iru\1001.txg,fpack\chr\hr\iru\1100.dat,fpack\chr\hr\iru\1100.jcv,fpack\chr\hr\iru\1101.dat,fpack\chr\hr\iru\1101.jcv,fpack\chr\hr\iru\1300.txg
fpack\chr\iru3000.fpk;fpack\chr\hr\iru\3000.poo,fpack\chr\hr\iru\3000.pro,fpack\chr\hr\iru\3000.sam,fpack\chr\hr\iru\3000.sdi
fpack\chr\iru4000.fpk;fpack\chr\hr\iru\4000.txg
fpack\chr\iru4100.fpk;fpack\chr\hr\iru\4100.txg
fpack\chr\iru4300.fpk;fpack\chr\hr\iru\4300.txg
fpack\chr\ita0000.fpk;fpack\chr\hr\ita\0000.dat,fpack\chr\hr\ita\0000.jcv
fpack\chr\iru0100.fpk;fpack\chr\hr\iru\0100.dat,fpack\chr\hr\iru\0100.jcv
fpack\chr\iru1000.fpk;fpack\chr\hr\iru\0000.mot,fpack\chr\hr\iru\0001.mot,fpack\chr\hr\iru\1000.txg,fpack\chr\hr\iru\1001.txg,fpack\chr\hr\iru\1100.dat,fpack\chr\hr\iru\1100.jcv,fpack\chr\hr\iru\1101.dat,fpack\chr\hr\iru\1101.jcv,fpack\chr\hr\iru\1300.txg
fpack\chr\iru3000.fpk;fpack\chr\hr\iru\3000.poo,fpack\chr\hr\iru\3000.pro,fpack\chr\hr\iru\3000.sam,fpack\chr\hr\iru\3000.sdi
fpack\chr\iru4000.fpk;fpack\chr\hr\iru\4000.txg
fpack\chr\iru4100.fpk;fpack\chr\hr\iru\4100.txg
fpack\chr\iru4300.fpk;fpack\chr\hr\iru\4300.txg
fpack\chr\ita0000.fpk;fpack\chr\hr\ita\0000.dat,fpack\chr\hr\ita\0000.jcv
fpack\chr\ita0100.fpk;fpack\chr\hr\ita\0100.dat,fpack\chr\hr\ita\0100.jcv
fpack\chr\ita1000.fpk;fpack\chr\hr\ita\0000.mot,fpack\chr\hr\ita\0001.mot,fpack\chr\hr\ita\1000.dat,fpack\chr\hr\ita\1000.jcv,fpack\chr\hr\ita\1000.txg,fpack\chr\hr\ita\1001.dat,fpack\chr\hr\ita\1001.jcv,fpack\chr\hr\ita\1001.txg,fpack\chr\hr\ita\1002.dat,fpack\chr\hr\ita\1002.jcv,fpack\chr\hr\ita\1002.txg,fpack\chr\hr\ita\1003.dat,fpack\chr\hr\ita\1003.jcv,fpack\chr\hr\ita\1003.txg,fpack\chr\hr\ita\1004.dat,fpack\chr\hr\ita\1004.jcv,fpack\chr\hr\ita\1100.dat,fpack\chr\hr\ita\1100.jcv,fpack\chr\hr\ita\1300.txg,fpack\chr\hr\ita\1900.dat,fpack\chr\hr\ita\1900.jcv,fpack\chr\hr\ita\1901.dat,fpack\chr\hr\ita\1901.jcv,fpack\chr\hr\ita\2000.ptl,fpack\chr\hr\ita\2000.ref,fpack\chr\hr\ita\2000.txg
fpack\chr\ita3000.fpk;fpack\chr\hr\ita\3000.poo,fpack\chr\hr\ita\3000.pro,fpack\chr\hr\ita\3000.sam,fpack\chr\hr\ita\3000.sdi
fpack\chr\ita4000.fpk;fpack\chr\hr\ita\4000.txg
fpack\chr\ita4100.fpk;fpack\chr\hr\ita\4100.txg
fpack\chr\ita4300.fpk;fpack\chr\hr\ita\4300.txg
fpack\chr\jir0000.fpk;fpack\chr\hr\jir\0000.dat,fpack\chr\hr\jir\0000.jcv
fpack\chr\jir0100.fpk;fpack\chr\hr\jir\0100.dat,fpack\chr\hr\jir\0100.jcv
fpack\chr\jir1000.fpk;fpack\chr\hr\jir\0000.mot,fpack\chr\hr\jir\0001.mot,fpack\chr\hr\jir\1000.dat,fpack\chr\hr\jir\1000.jcv,fpack\chr\hr\jir\1000.txg,fpack\chr\hr\jir\1001.dat,fpack\chr\hr\jir\1001.jcv,fpack\chr\hr\jir\1001.mot,fpack\chr\hr\jir\1001.txg,fpack\chr\hr\jir\1002.dat,fpack\chr\hr\jir\1002.jcv,fpack\chr\hr\jir\1002.txg,fpack\chr\hr\jir\1100.dat,fpack\chr\hr\jir\1100.jcv,fpack\chr\hr\jir\1101.dat,fpack\chr\hr\jir\1101.jcv,fpack\chr\hr\jir\1102.dat,fpack\chr\hr\jir\1102.jcv,fpack\chr\hr\jir\1103.dat,fpack\chr\hr\jir\1103.jcv,fpack\chr\hr\jir\1104.dat,fpack\chr\hr\jir\1104.jcv,fpack\chr\hr\jir\1153.dat,fpack\chr\hr\jir\1153.jcv,fpack\chr\hr\jir\1153.mot,fpack\chr\hr\jir\1154.dat,fpack\chr\hr\jir\1154.jcv,fpack\chr\hr\jir\1300.txg,fpack\chr\hr\jir\2000.ptl,fpack\chr\hr\jir\2000.ref,fpack\chr\hr\jir\2000.txg
fpack\chr\jir3000.fpk;fpack\chr\hr\jir\3000.poo,fpack\chr\hr\jir\3000.pro,fpack\chr\hr\jir\3000.sam,fpack\chr\hr\jir\3000.sdi
fpack\chr\jir4000.fpk;fpack\chr\hr\jir\4000.txg
fpack\chr\jir4100.fpk;fpack\chr\hr\jir\4100.txg
fpack\chr\jir4300.fpk;fpack\chr\hr\jir\4300.txg
fpack\chr\kab0000.fpk;fpack\chr\hr\kab\0000.dat,fpack\chr\hr\kab\0000.jcv
fpack\chr\kab0100.fpk;fpack\chr\hr\kab\0100.dat,fpack\chr\hr\kab\0100.jcv
fpack\chr\kab1000.fpk;fpack\chr\hr\kab\0000.mot,fpack\chr\hr\kab\0001.mot,fpack\chr\hr\kab\1000.dat,fpack\chr\hr\kab\1000.jcv,fpack\chr\hr\kab\1000.txg,fpack\chr\hr\kab\1001.dat,fpack\chr\hr\kab\1001.jcv,fpack\chr\hr\kab\1001.txg,fpack\chr\hr\kab\1002.dat,fpack\chr\hr\kab\1002.jcv,fpack\chr\hr\kab\1003.dat,fpack\chr\hr\kab\1003.jcv,fpack\chr\hr\kab\1004.dat,fpack\chr\hr\kab\1004.jcv,fpack\chr\hr\kab\1005.dat,fpack\chr\hr\kab\1005.jcv,fpack\chr\hr\kab\1006.dat,fpack\chr\hr\kab\1006.jcv,fpack\chr\hr\kab\1007.dat,fpack\chr\hr\kab\1007.jcv,fpack\chr\hr\kab\1010.dat,fpack\chr\hr\kab\1010.jcv,fpack\chr\hr\kab\1100.dat,fpack\chr\hr\kab\1100.jcv,fpack\chr\hr\kab\1101.dat,fpack\chr\hr\kab\1101.jcv,fpack\chr\hr\kab\1300.txg,fpack\chr\hr\kab\2000.ptl,fpack\chr\hr\kab\2000.ref,fpack\chr\hr\kab\2000.txg
fpack\chr\kab3000.fpk;fpack\chr\hr\kab\3000.poo,fpack\chr\hr\kab\3000.pro,fpack\chr\hr\kab\3000.sam,fpack\chr\hr\kab\3000.sdi
fpack\chr\kab4000.fpk;fpack\chr\hr\kab\4000.txg
fpack\chr\kab4100.fpk;fpack\chr\hr\kab\4100.txg
fpack\chr\kab4300.fpk;fpack\chr\hr\kab\4300.txg
fpack\chr\kak0000.fpk;fpack\chr\hr\kak\0000.dat,fpack\chr\hr\kak\0000.jcv
fpack\chr\kak0100.fpk;fpack\chr\hr\kak\0100.dat,fpack\chr\hr\kak\0100.jcv
fpack\chr\kak1000.fpk;fpack\chr\hr\kak\0000.mot,fpack\chr\hr\kak\0001.mot,fpack\chr\hr\kak\1000.dat,fpack\chr\hr\kak\1000.jcv,fpack\chr\hr\kak\1000.txg,fpack\chr\hr\kak\1001.dat,fpack\chr\hr\kak\1001.jcv,fpack\chr\hr\kak\1001.txg,fpack\chr\hr\kak\1002.dat,fpack\chr\hr\kak\1002.jcv,fpack\chr\hr\kak\1002.txg,fpack\chr\hr\kak\1003.dat,fpack\chr\hr\kak\1003.jcv,fpack\chr\hr\kak\1004.dat,fpack\chr\hr\kak\1004.jcv,fpack\chr\hr\kak\1005.dat,fpack\chr\hr\kak\1005.jcv,fpack\chr\hr\kak\1006.dat,fpack\chr\hr\kak\1006.jcv,fpack\chr\hr\kak\1007.dat,fpack\chr\hr\kak\1007.jcv,fpack\chr\hr\kak\1100.dat,fpack\chr\hr\kak\1100.jcv,fpack\chr\hr\kak\1101.dat,fpack\chr\hr\kak\1101.jcv,fpack\chr\hr\kak\1300.txg,fpack\chr\hr\kak\2000.ptl,fpack\chr\hr\kak\2000.ref,fpack\chr\hr\kak\2000.txg
fpack\chr\kak3000.fpk;fpack\chr\hr\kak\3000.poo,fpack\chr\hr\kak\3000.pro,fpack\chr\hr\kak\3000.sam,fpack\chr\hr\kak\3000.sdi
fpack\chr\kak4000.fpk;fpack\chr\hr\kak\4000.txg
fpack\chr\kak4100.fpk;fpack\chr\hr\kak\4100.txg
fpack\chr\kak4300.fpk;fpack\chr\hr\kak\4300.txg
fpack\chr\kan0000.fpk;fpack\chr\hr\kan\0000.dat,fpack\chr\hr\kan\0000.jcv
fpack\chr\kan0100.fpk;fpack\chr\hr\kan\0100.dat,fpack\chr\hr\kan\0100.jcv
fpack\chr\kan1000.fpk;fpack\chr\hr\kan\0000.mot,fpack\chr\hr\kan\0001.mot,fpack\chr\hr\kan\1000.dat,fpack\chr\hr\kan\1000.jcv,fpack\chr\hr\kan\1000.txg,fpack\chr\hr\kan\1001.txg,fpack\chr\hr\kan\1002.txg,fpack\chr\hr\kan\1100.dat,fpack\chr\hr\kan\1100.jcv,fpack\chr\hr\kan\1300.txg,fpack\chr\hr\kan\1301.txg,fpack\chr\hr\kan\2000.ptl,fpack\chr\hr\kan\2000.ref,fpack\chr\hr\kan\2000.txg
fpack\chr\kan3000.fpk;fpack\chr\hr\kan\3000.poo,fpack\chr\hr\kan\3000.pro,fpack\chr\hr\kan\3000.sam,fpack\chr\hr\kan\3000.sdi
fpack\chr\kan4000.fpk;fpack\chr\hr\kan\4000.txg,fpack\chr\hr\kan\4001.txg
fpack\chr\kan4100.fpk;fpack\chr\hr\kan\4100.txg
fpack\chr\kan4300.fpk;fpack\chr\hr\kan\4300.txg,fpack\chr\hr\kan\4301.txg
fpack\chr\kar0000.fpk;fpack\chr\hr\kar\0000.dat,fpack\chr\hr\kar\0000.jcv
fpack\chr\kar0100.fpk;fpack\chr\hr\kar\0100.dat,fpack\chr\hr\kar\0100.jcv
fpack\chr\kar1000.fpk;fpack\chr\hr\kar\0000.mot,fpack\chr\hr\kar\0001.mot,fpack\chr\hr\kar\1000.txg,fpack\chr\hr\kar\1001.txg,fpack\chr\hr\kar\1002.txg,fpack\chr\hr\kar\1100.dat,fpack\chr\hr\kar\1100.jcv,fpack\chr\hr\kar\1101.dat,fpack\chr\hr\kar\1101.jcv,fpack\chr\hr\kar\1300.txg,fpack\chr\hr\kar\2000.ptl,fpack\chr\hr\kar\2000.ref,fpack\chr\hr\kar\2000.txg
fpack\chr\kar3000.fpk;fpack\chr\hr\kar\3000.poo,fpack\chr\hr\kar\3000.pro,fpack\chr\hr\kar\3000.sam,fpack\chr\hr\kar\3000.sdi
fpack\chr\kar4000.fpk;fpack\chr\hr\kar\4000.txg
fpack\chr\kar4100.fpk;fpack\chr\hr\kar\4100.txg
fpack\chr\kib0000.fpk;fpack\chr\hr\kib\0000.dat,fpack\chr\hr\kib\0000.jcv
fpack\chr\kib0100.fpk;fpack\chr\hr\kib\0100.dat,fpack\chr\hr\kib\0100.jcv
fpack\chr\kib1000.fpk;fpack\chr\hr\kib\0000.mot,fpack\chr\hr\kib\0001.mot,fpack\chr\hr\kib\1000.dat,fpack\chr\hr\kib\1000.jcv,fpack\chr\hr\kib\1000.txg,fpack\chr\hr\kib\1001.dat,fpack\chr\hr\kib\1001.jcv,fpack\chr\hr\kib\1001.txg,fpack\chr\hr\kib\1002.dat,fpack\chr\hr\kib\1002.jcv,fpack\chr\hr\kib\1100.dat,fpack\chr\hr\kib\1100.jcv,fpack\chr\hr\kib\1101.dat,fpack\chr\hr\kib\1101.jcv,fpack\chr\hr\kib\1300.txg
fpack\chr\kib3000.fpk;fpack\chr\hr\kib\3000.poo,fpack\chr\hr\kib\3000.pro,fpack\chr\hr\kib\3000.sam,fpack\chr\hr\kib\3000.sdi
fpack\chr\kib4000.fpk;fpack\chr\hr\kib\4000.txg
fpack\chr\kib4100.fpk;fpack\chr\hr\kib\4100.txg
fpack\chr\kib4300.fpk;fpack\chr\hr\kib\4300.txg
fpack\chr\kid0000.fpk;fpack\chr\hr\kid\0000.dat,fpack\chr\hr\kid\0000.jcv
fpack\chr\kid0100.fpk;fpack\chr\hr\kid\0100.dat,fpack\chr\hr\kid\0100.jcv
fpack\chr\kid1000.fpk;fpack\chr\hr\kid\0000.mot,fpack\chr\hr\kid\0001.mot,fpack\chr\hr\kid\1000.dat,fpack\chr\hr\kid\1000.jcv,fpack\chr\hr\kid\1000.txg,fpack\chr\hr\kid\1001.dat,fpack\chr\hr\kid\1001.jcv,fpack\chr\hr\kid\1001.txg,fpack\chr\hr\kid\1002.dat,fpack\chr\hr\kid\1002.jcv,fpack\chr\hr\kid\1002.txg,fpack\chr\hr\kid\1003.dat,fpack\chr\hr\kid\1003.jcv,fpack\chr\hr\kid\1004.dat,fpack\chr\hr\kid\1004.jcv,fpack\chr\hr\kid\1005.dat,fpack\chr\hr\kid\1005.jcv,fpack\chr\hr\kid\1006.dat,fpack\chr\hr\kid\1006.jcv,fpack\chr\hr\kid\1007.dat,fpack\chr\hr\kid\1007.jcv,fpack\chr\hr\kid\1008.dat,fpack\chr\hr\kid\1008.jcv,fpack\chr\hr\kid\1009.dat,fpack\chr\hr\kid\1009.jcv,fpack\chr\hr\kid\1010.dat,fpack\chr\hr\kid\1010.jcv,fpack\chr\hr\kid\1011.dat,fpack\chr\hr\kid\1011.jcv,fpack\chr\hr\kid\1012.dat,fpack\chr\hr\kid\1012.jcv,fpack\chr\hr\kid\1013.dat,fpack\chr\hr\kid\1013.jcv,fpack\chr\hr\kid\1014.dat,fpack\chr\hr\kid\1014.jcv,fpack\chr\hr\kid\1015.dat,fpack\chr\hr\kid\1015.jcv,fpack\chr\hr\kid\1016.dat,fpack\chr\hr\kid\1016.jcv,fpack\chr\hr\kid\1017.dat,fpack\chr\hr\kid\1017.jcv,fpack\chr\hr\kid\1018.dat,fpack\chr\hr\kid\1018.jcv,fpack\chr\hr\kid\1019.dat,fpack\chr\hr\kid\1019.jcv,fpack\chr\hr\kid\1100.dat,fpack\chr\hr\kid\1100.jcv,fpack\chr\hr\kid\1101.dat,fpack\chr\hr\kid\1101.jcv,fpack\chr\hr\kid\1102.dat,fpack\chr\hr\kid\1102.jcv,fpack\chr\hr\kid\1300.txg,fpack\chr\hr\kid\2000.ptl,fpack\chr\hr\kid\2000.ref,fpack\chr\hr\kid\2000.txg
fpack\chr\kid3000.fpk;fpack\chr\hr\kid\3000.poo,fpack\chr\hr\kid\3000.pro,fpack\chr\hr\kid\3000.sam,fpack\chr\hr\kid\3000.sdi
fpack\chr\kid4000.fpk;fpack\chr\hr\kid\4000.txg
fpack\chr\kid4100.fpk;fpack\chr\hr\kid\4100.txg
fpack\chr\kid4300.fpk;fpack\chr\hr\kid\4300.txg
fpack\chr\kim0000.fpk;fpack\chr\hr\kim\0000.dat,fpack\chr\hr\kim\0000.jcv
fpack\chr\kim0100.fpk;fpack\chr\hr\kim\0100.dat,fpack\chr\hr\kim\0100.jcv
fpack\chr\kim1000.fpk;fpack\chr\hr\kim\0000.mot,fpack\chr\hr\kim\0001.mot,fpack\chr\hr\kim\1000.dat,fpack\chr\hr\kim\1000.jcv,fpack\chr\hr\kim\1000.txg,fpack\chr\hr\kim\1001.dat,fpack\chr\hr\kim\1001.jcv,fpack\chr\hr\kim\1001.txg,fpack\chr\hr\kim\1002.dat,fpack\chr\hr\kim\1002.jcv,fpack\chr\hr\kim\1002.txg,fpack\chr\hr\kim\1003.dat,fpack\chr\hr\kim\1003.jcv,fpack\chr\hr\kim\1004.dat,fpack\chr\hr\kim\1004.jcv,fpack\chr\hr\kim\1005.dat,fpack\chr\hr\kim\1005.jcv,fpack\chr\hr\kim\1006.dat,fpack\chr\hr\kim\1006.jcv,fpack\chr\hr\kim\1007.dat,fpack\chr\hr\kim\1007.jcv,fpack\chr\hr\kim\1008.dat,fpack\chr\hr\kim\1008.jcv,fpack\chr\hr\kim\1009.dat,fpack\chr\hr\kim\1009.jcv,fpack\chr\hr\kim\1010.dat,fpack\chr\hr\kim\1010.jcv,fpack\chr\hr\kim\1011.dat,fpack\chr\hr\kim\1011.jcv,fpack\chr\hr\kim\1100.dat,fpack\chr\hr\kim\1100.jcv,fpack\chr\hr\kim\1101.dat,fpack\chr\hr\kim\1101.jcv,fpack\chr\hr\kim\1300.txg,fpack\chr\hr\kim\2000.ptl,fpack\chr\hr\kim\2000.ref,fpack\chr\hr\kim\2000.txg
fpack\chr\kim3000.fpk;fpack\chr\hr\kim\3000.poo,fpack\chr\hr\kim\3000.pro,fpack\chr\hr\kim\3000.sam,fpack\chr\hr\kim\3000.sdi
fpack\chr\kim4000.fpk;fpack\chr\hr\kim\4000.txg
fpack\chr\kim4100.fpk;fpack\chr\hr\kim\4100.txg
fpack\chr\kim4300.fpk;fpack\chr\hr\kim\4300.txg
fpack\chr\kis0000.fpk;fpack\chr\hr\kis\0000.dat,fpack\chr\hr\kis\0000.jcv
fpack\chr\kis0100.fpk;fpack\chr\hr\kis\0100.dat,fpack\chr\hr\kis\0100.jcv
fpack\chr\kis1000.fpk;fpack\chr\hr\kis\0000.mot,fpack\chr\hr\kis\0001.mot,fpack\chr\hr\kis\1000.dat,fpack\chr\hr\kis\1000.jcv,fpack\chr\hr\kis\1000.txg,fpack\chr\hr\kis\1001.dat,fpack\chr\hr\kis\1001.jcv,fpack\chr\hr\kis\1001.txg,fpack\chr\hr\kis\1002.dat,fpack\chr\hr\kis\1002.jcv,fpack\chr\hr\kis\1003.dat,fpack\chr\hr\kis\1003.jcv,fpack\chr\hr\kis\1100.dat,fpack\chr\hr\kis\1100.jcv,fpack\chr\hr\kis\1300.txg,fpack\chr\hr\kis\2000.ptl,fpack\chr\hr\kis\2000.ref,fpack\chr\hr\kis\2000.txg
fpack\chr\kis3000.fpk;fpack\chr\hr\kis\3000.poo,fpack\chr\hr\kis\3000.pro,fpack\chr\hr\kis\3000.sam,fpack\chr\hr\kis\3000.sdi
fpack\chr\kis4000.fpk;fpack\chr\hr\kis\4000.txg
fpack\chr\kis4100.fpk;fpack\chr\hr\kis\4100.txg
fpack\chr\kis4300.fpk;fpack\chr\hr\kis\4300.txg
fpack\chr\loc0000.fpk;fpack\chr\hr\loc\0000.dat,fpack\chr\hr\loc\0000.jcv
fpack\chr\loc0100.fpk;fpack\chr\hr\loc\0100.dat,fpack\chr\hr\loc\0100.jcv
fpack\chr\loc1000.fpk;fpack\chr\hr\loc\0000.mot,fpack\chr\hr\loc\0001.mot,fpack\chr\hr\loc\1000.dat,fpack\chr\hr\loc\1000.jcv,fpack\chr\hr\loc\1000.txg,fpack\chr\hr\loc\1001.dat,fpack\chr\hr\loc\1001.jcv,fpack\chr\hr\loc\1001.txg,fpack\chr\hr\loc\1002.dat,fpack\chr\hr\loc\1002.jcv,fpack\chr\hr\loc\1002.txg,fpack\chr\hr\loc\1003.dat,fpack\chr\hr\loc\1003.jcv,fpack\chr\hr\loc\1004.dat,fpack\chr\hr\loc\1004.jcv,fpack\chr\hr\loc\1005.dat,fpack\chr\hr\loc\1005.jcv,fpack\chr\hr\loc\1006.dat,fpack\chr\hr\loc\1006.jcv,fpack\chr\hr\loc\1300.txg,fpack\chr\hr\loc\1301.txg,fpack\chr\hr\loc\2000.ptl,fpack\chr\hr\loc\2000.ref,fpack\chr\hr\loc\2000.txg
fpack\chr\loc3000.fpk;fpack\chr\hr\loc\3000.poo,fpack\chr\hr\loc\3000.pro,fpack\chr\hr\loc\3000.sam,fpack\chr\hr\loc\3000.sdi
fpack\chr\loc4000.fpk;fpack\chr\hr\loc\4000.txg
fpack\chr\loc4100.fpk;fpack\chr\hr\loc\4100.txg
fpack\chr\loc4300.fpk;fpack\chr\hr\loc\4300.txg
fpack\chr\miz0000.fpk;fpack\chr\hr\miz\0000.dat,fpack\chr\hr\miz\0000.jcv
fpack\chr\miz0100.fpk;fpack\chr\hr\miz\0100.dat,fpack\chr\hr\miz\0100.jcv
fpack\chr\miz1000.fpk;fpack\chr\hr\miz\0000.mot,fpack\chr\hr\miz\0001.mot,fpack\chr\hr\miz\1000.txg,fpack\chr\hr\miz\1001.txg,fpack\chr\hr\miz\1100.dat,fpack\chr\hr\miz\1100.jcv,fpack\chr\hr\miz\1101.dat,fpack\chr\hr\miz\1101.jcv,fpack\chr\hr\miz\1300.txg
fpack\chr\miz3000.fpk;fpack\chr\hr\miz\3000.poo,fpack\chr\hr\miz\3000.pro,fpack\chr\hr\miz\3000.sam,fpack\chr\hr\miz\3000.sdi
fpack\chr\miz4000.fpk;fpack\chr\hr\miz\4000.txg
fpack\chr\miz4100.fpk;fpack\chr\hr\miz\4100.txg
fpack\chr\miz4300.fpk;fpack\chr\hr\miz\4300.txg
fpack\chr\na90000.fpk;fpack\chr\hr\na9\0000.dat,fpack\chr\hr\na9\0000.jcv
fpack\chr\na90100.fpk;fpack\chr\hr\na9\0100.dat,fpack\chr\hr\na9\0100.jcv
fpack\chr\na91000.fpk;fpack\chr\hr\na9\0000.mot,fpack\chr\hr\na9\0001.mot,fpack\chr\hr\na9\1000.dat,fpack\chr\hr\na9\1000.jcv,fpack\chr\hr\na9\1000.txg,fpack\chr\hr\na9\1001.dat,fpack\chr\hr\na9\1001.jcv,fpack\chr\hr\na9\1001.txg,fpack\chr\hr\na9\1002.dat,fpack\chr\hr\na9\1002.jcv,fpack\chr\hr\na9\1003.dat,fpack\chr\hr\na9\1003.jcv,fpack\chr\hr\na9\1004.dat,fpack\chr\hr\na9\1004.jcv,fpack\chr\hr\na9\1005.dat,fpack\chr\hr\na9\1005.jcv,fpack\chr\hr\na9\1006.dat,fpack\chr\hr\na9\1006.jcv,fpack\chr\hr\na9\1007.dat,fpack\chr\hr\na9\1007.jcv,fpack\chr\hr\na9\1008.dat,fpack\chr\hr\na9\1008.jcv,fpack\chr\hr\na9\1009.dat,fpack\chr\hr\na9\1009.jcv,fpack\chr\hr\na9\1010.dat,fpack\chr\hr\na9\1010.jcv,fpack\chr\hr\na9\1011.dat,fpack\chr\hr\na9\1011.jcv,fpack\chr\hr\na9\1012.dat,fpack\chr\hr\na9\1012.jcv,fpack\chr\hr\na9\1013.dat,fpack\chr\hr\na9\1013.jcv,fpack\chr\hr\na9\1014.dat,fpack\chr\hr\na9\1014.jcv,fpack\chr\hr\na9\1015.dat,fpack\chr\hr\na9\1015.jcv,fpack\chr\hr\na9\1100.dat,fpack\chr\hr\na9\1100.jcv,fpack\chr\hr\na9\1101.dat,fpack\chr\hr\na9\1101.jcv,fpack\chr\hr\na9\1102.dat,fpack\chr\hr\na9\1102.jcv,fpack\chr\hr\na9\1300.txg,fpack\chr\hr\na9\2000.ptl,fpack\chr\hr\na9\2000.ref,fpack\chr\hr\na9\2000.txg
fpack\chr\na93000.fpk;fpack\chr\hr\na9\3000.poo,fpack\chr\hr\na9\3000.pro,fpack\chr\hr\na9\3000.sam,fpack\chr\hr\na9\3000.sdi
fpack\chr\na94000.fpk;fpack\chr\hr\na9\4000.txg
fpack\chr\na94100.fpk;fpack\chr\hr\na9\4100.txg
fpack\chr\na94300.fpk;fpack\chr\hr\na9\4300.txg
fpack\chr\nar0000.fpk;fpack\chr\hr\nar\0000.dat,fpack\chr\hr\nar\0000.jcv
fpack\chr\nar0100.fpk;fpack\chr\hr\nar\0100.dat,fpack\chr\hr\nar\0100.jcv
fpack\chr\nar1000.fpk;fpack\chr\hr\nar\0000.mot,fpack\chr\hr\nar\0001.mot,fpack\chr\hr\nar\1000.dat,fpack\chr\hr\nar\1000.jcv,fpack\chr\hr\nar\1000.txg,fpack\chr\hr\nar\1001.dat,fpack\chr\hr\nar\1001.jcv,fpack\chr\hr\nar\1001.txg,fpack\chr\hr\nar\1002.dat,fpack\chr\hr\nar\1002.jcv,fpack\chr\hr\nar\1003.dat,fpack\chr\hr\nar\1003.jcv,fpack\chr\hr\nar\1004.dat,fpack\chr\hr\nar\1004.jcv,fpack\chr\hr\nar\1005.dat,fpack\chr\hr\nar\1005.jcv,fpack\chr\hr\nar\1006.dat,fpack\chr\hr\nar\1006.jcv,fpack\chr\hr\nar\1007.dat,fpack\chr\hr\nar\1007.jcv,fpack\chr\hr\nar\1008.dat,fpack\chr\hr\nar\1008.jcv,fpack\chr\hr\nar\1009.dat,fpack\chr\hr\nar\1009.jcv,fpack\chr\hr\nar\1010.dat,fpack\chr\hr\nar\1010.jcv,fpack\chr\hr\nar\1011.dat,fpack\chr\hr\nar\1011.jcv,fpack\chr\hr\nar\1100.dat,fpack\chr\hr\nar\1100.jcv,fpack\chr\hr\nar\1101.dat,fpack\chr\hr\nar\1101.jcv,fpack\chr\hr\nar\1102.dat,fpack\chr\hr\nar\1102.jcv,fpack\chr\hr\nar\1300.txg,fpack\chr\hr\nar\2000.ptl,fpack\chr\hr\nar\2000.ref,fpack\chr\hr\nar\2000.txg
fpack\chr\nar3000.fpk;fpack\chr\hr\nar\3000.poo,fpack\chr\hr\nar\3000.pro,fpack\chr\hr\nar\3000.sam,fpack\chr\hr\nar\3000.sdi
fpack\chr\nar4000.fpk;fpack\chr\hr\nar\4000.txg
fpack\chr\nar4100.fpk;fpack\chr\hr\nar\4100.txg
fpack\chr\nar4300.fpk;fpack\chr\hr\nar\4300.txg
fpack\chr\nej0000.fpk;fpack\chr\hr\nej\0000.dat,fpack\chr\hr\nej\0000.jcv
fpack\chr\nej0100.fpk;fpack\chr\hr\nej\0100.dat,fpack\chr\hr\nej\0100.jcv
fpack\chr\nej1000.fpk;fpack\chr\hr\nej\0000.mot,fpack\chr\hr\nej\0001.mot,fpack\chr\hr\nej\1000.dat,fpack\chr\hr\nej\1000.jcv,fpack\chr\hr\nej\1000.txg,fpack\chr\hr\nej\1001.dat,fpack\chr\hr\nej\1001.jcv,fpack\chr\hr\nej\1001.txg,fpack\chr\hr\nej\1002.dat,fpack\chr\hr\nej\1002.jcv,fpack\chr\hr\nej\1003.dat,fpack\chr\hr\nej\1003.jcv,fpack\chr\hr\nej\1004.dat,fpack\chr\hr\nej\1004.jcv,fpack\chr\hr\nej\1005.dat,fpack\chr\hr\nej\1005.jcv,fpack\chr\hr\nej\1006.dat,fpack\chr\hr\nej\1006.jcv,fpack\chr\hr\nej\1100.dat,fpack\chr\hr\nej\1100.jcv,fpack\chr\hr\nej\1101.dat,fpack\chr\hr\nej\1101.jcv,fpack\chr\hr\nej\1102.dat,fpack\chr\hr\nej\1102.jcv,fpack\chr\hr\nej\1300.txg,fpack\chr\hr\nej\2000.ptl,fpack\chr\hr\nej\2000.ref,fpack\chr\hr\nej\2000.txg
fpack\chr\nej3000.fpk;fpack\chr\hr\nej\3000.poo,fpack\chr\hr\nej\3000.pro,fpack\chr\hr\nej\3000.sam,fpack\chr\hr\nej\3000.sdi
fpack\chr\nej4000.fpk;fpack\chr\hr\nej\4000.txg
fpack\chr\nej4100.fpk;fpack\chr\hr\nej\4100.txg
fpack\chr\nej4300.fpk;fpack\chr\hr\nej\4300.txg
fpack\chr\obo0000.fpk;fpack\chr\hr\obo\0000.dat,fpack\chr\hr\obo\0000.jcv
fpack\chr\obo1000.fpk;fpack\chr\hr\obo\0000.mot,fpack\chr\hr\obo\0001.mot,fpack\chr\hr\obo\1000.dat,fpack\chr\hr\obo\1000.jcv,fpack\chr\hr\obo\1000.txg,fpack\chr\hr\obo\1001.txg,fpack\chr\hr\obo\1100.dat,fpack\chr\hr\obo\1100.jcv,fpack\chr\hr\obo\1300.txg,fpack\chr\hr\obo\2000.ptl,fpack\chr\hr\obo\2000.ref,fpack\chr\hr\obo\2000.txg
fpack\chr\obo3000.fpk;fpack\chr\hr\obo\3000.poo,fpack\chr\hr\obo\3000.pro,fpack\chr\hr\obo\3000.sam,fpack\chr\hr\obo\3000.sdi
fpack\chr\obo4000.fpk;fpack\chr\hr\obo\4000.txg
fpack\chr\obo4100.fpk;fpack\chr\hr\obo\4100.txg
fpack\chr\oro0000.fpk;fpack\chr\hr\oro\0000.dat,fpack\chr\hr\oro\0000.jcv
fpack\chr\oro0100.fpk;fpack\chr\hr\oro\0100.dat,fpack\chr\hr\oro\0100.jcv
fpack\chr\oro1000.fpk;fpack\chr\hr\oro\0000.mot,fpack\chr\hr\oro\0001.mot,fpack\chr\hr\oro\1000.dat,fpack\chr\hr\oro\1000.jcv,fpack\chr\hr\oro\1000.txg,fpack\chr\hr\oro\1001.dat,fpack\chr\hr\oro\1001.jcv,fpack\chr\hr\oro\1001.txg,fpack\chr\hr\oro\1002.dat,fpack\chr\hr\oro\1002.jcv,fpack\chr\hr\oro\1002.txg,fpack\chr\hr\oro\1003.dat,fpack\chr\hr\oro\1003.jcv,fpack\chr\hr\oro\1003.txg,fpack\chr\hr\oro\1004.dat,fpack\chr\hr\oro\1004.jcv,fpack\chr\hr\oro\1005.dat,fpack\chr\hr\oro\1005.jcv,fpack\chr\hr\oro\1100.dat,fpack\chr\hr\oro\1100.jcv,fpack\chr\hr\oro\1101.dat,fpack\chr\hr\oro\1101.jcv,fpack\chr\hr\oro\1102.dat,fpack\chr\hr\oro\1102.jcv,fpack\chr\hr\oro\1103.dat,fpack\chr\hr\oro\1103.jcv,fpack\chr\hr\oro\1104.dat,fpack\chr\hr\oro\1104.jcv,fpack\chr\hr\oro\1300.txg,fpack\chr\hr\oro\2000.ptl,fpack\chr\hr\oro\2000.ref,fpack\chr\hr\oro\2000.txg
fpack\chr\oro3000.fpk;fpack\chr\hr\oro\3000.poo,fpack\chr\hr\oro\3000.pro,fpack\chr\hr\oro\3000.sam,fpack\chr\hr\oro\3000.sdi
fpack\chr\oro4000.fpk;fpack\chr\hr\oro\4000.txg
fpack\chr\oro4100.fpk;fpack\chr\hr\oro\4100.txg
fpack\chr\oro4300.fpk;fpack\chr\hr\oro\4300.txg
fpack\chr\sa20000.fpk;fpack\chr\hr\sa2\0000.dat,fpack\chr\hr\sa2\0000.jcv
fpack\chr\sa20100.fpk;fpack\chr\hr\sa2\0100.dat,fpack\chr\hr\sa2\0100.jcv
fpack\chr\sa21000.fpk;fpack\chr\hr\sa2\0000.mot,fpack\chr\hr\sa2\0001.mot,fpack\chr\hr\sa2\1000.dat,fpack\chr\hr\sa2\1000.jcv,fpack\chr\hr\sa2\1000.txg,fpack\chr\hr\sa2\1001.dat,fpack\chr\hr\sa2\1001.jcv,fpack\chr\hr\sa2\1001.txg,fpack\chr\hr\sa2\1002.dat,fpack\chr\hr\sa2\1002.jcv,fpack\chr\hr\sa2\1002.txg,fpack\chr\hr\sa2\1003.dat,fpack\chr\hr\sa2\1003.jcv,fpack\chr\hr\sa2\1003.txg,fpack\chr\hr\sa2\1004.dat,fpack\chr\hr\sa2\1004.jcv,fpack\chr\hr\sa2\1005.dat,fpack\chr\hr\sa2\1005.jcv,fpack\chr\hr\sa2\1006.dat,fpack\chr\hr\sa2\1006.jcv,fpack\chr\hr\sa2\1007.dat,fpack\chr\hr\sa2\1007.jcv,fpack\chr\hr\sa2\1008.dat,fpack\chr\hr\sa2\1008.jcv,fpack\chr\hr\sa2\1009.dat,fpack\chr\hr\sa2\1009.jcv,fpack\chr\hr\sa2\1010.dat,fpack\chr\hr\sa2\1010.jcv,fpack\chr\hr\sa2\1100.dat,fpack\chr\hr\sa2\1100.jcv,fpack\chr\hr\sa2\1101.dat,fpack\chr\hr\sa2\1101.jcv,fpack\chr\hr\sa2\1102.dat,fpack\chr\hr\sa2\1102.jcv,fpack\chr\hr\sa2\1300.txg,fpack\chr\hr\sa2\2000.ptl,fpack\chr\hr\sa2\2000.ref,fpack\chr\hr\sa2\2000.txg
fpack\chr\sa23000.fpk;fpack\chr\hr\sa2\3000.poo,fpack\chr\hr\sa2\3000.pro,fpack\chr\hr\sa2\3000.sam,fpack\chr\hr\sa2\3000.sdi
fpack\chr\sa24000.fpk;fpack\chr\hr\sa2\4000.txg
fpack\chr\sa24100.fpk;fpack\chr\hr\sa2\4100.txg
fpack\chr\sa24300.fpk;fpack\chr\hr\sa2\4300.txg
fpack\chr\sak0000.fpk;fpack\chr\hr\sak\0000.dat,fpack\chr\hr\sak\0000.jcv
fpack\chr\sak0100.fpk;fpack\chr\hr\sak\0100.dat,fpack\chr\hr\sak\0100.jcv
fpack\chr\sak0200.fpk;fpack\chr\hr\sak\0200.dat,fpack\chr\hr\sak\0200.jcv
fpack\chr\sak0300.fpk;fpack\chr\hr\sak\0300.dat,fpack\chr\hr\sak\0300.jcv
fpack\chr\sak1000.fpk;fpack\chr\hr\sak\0000.mot,fpack\chr\hr\sak\0001.mot,fpack\chr\hr\sak\1000.dat,fpack\chr\hr\sak\1000.jcv,fpack\chr\hr\sak\1000.txg,fpack\chr\hr\sak\1001.dat,fpack\chr\hr\sak\1001.jcv,fpack\chr\hr\sak\1001.txg,fpack\chr\hr\sak\1002.dat,fpack\chr\hr\sak\1002.jcv,fpack\chr\hr\sak\1003.dat,fpack\chr\hr\sak\1003.jcv,fpack\chr\hr\sak\1004.dat,fpack\chr\hr\sak\1004.jcv,fpack\chr\hr\sak\1005.dat,fpack\chr\hr\sak\1005.jcv,fpack\chr\hr\sak\1006.dat,fpack\chr\hr\sak\1006.jcv,fpack\chr\hr\sak\1007.dat,fpack\chr\hr\sak\1007.jcv,fpack\chr\hr\sak\1100.dat,fpack\chr\hr\sak\1100.jcv,fpack\chr\hr\sak\1101.dat,fpack\chr\hr\sak\1101.jcv,fpack\chr\hr\sak\1300.txg
fpack\chr\sak3000.fpk;fpack\chr\hr\sak\3000.poo,fpack\chr\hr\sak\3000.pro,fpack\chr\hr\sak\3000.sam,fpack\chr\hr\sak\3000.sdi
fpack\chr\sak4000.fpk;fpack\chr\hr\sak\4000.txg,fpack\chr\hr\sak\4001.txg
fpack\chr\sak4100.fpk;fpack\chr\hr\sak\4100.txg
fpack\chr\sak4300.fpk;fpack\chr\hr\sak\4300.txg,fpack\chr\hr\sak\4301.txg
fpack\chr\sar0000.fpk;fpack\chr\hr\sar\0000.dat,fpack\chr\hr\sar\0000.jcv
fpack\chr\sar0100.fpk;fpack\chr\hr\sar\0100.dat,fpack\chr\hr\sar\0100.jcv
fpack\chr\sar1000.fpk;fpack\chr\hr\sar\0000.mot,fpack\chr\hr\sar\0001.mot,fpack\chr\hr\sar\1000.dat,fpack\chr\hr\sar\1000.jcv,fpack\chr\hr\sar\1000.txg,fpack\chr\hr\sar\1001.dat,fpack\chr\hr\sar\1001.jcv,fpack\chr\hr\sar\1001.txg,fpack\chr\hr\sar\1002.dat,fpack\chr\hr\sar\1002.jcv,fpack\chr\hr\sar\1002.txg,fpack\chr\hr\sar\1003.dat,fpack\chr\hr\sar\1003.jcv,fpack\chr\hr\sar\1003.mot,fpack\chr\hr\sar\1004.dat,fpack\chr\hr\sar\1004.jcv,fpack\chr\hr\sar\1100.dat,fpack\chr\hr\sar\1100.jcv,fpack\chr\hr\sar\1101.dat,fpack\chr\hr\sar\1101.jcv,fpack\chr\hr\sar\1102.dat,fpack\chr\hr\sar\1102.jcv,fpack\chr\hr\sar\1103.dat,fpack\chr\hr\sar\1103.jcv,fpack\chr\hr\sar\1104.dat,fpack\chr\hr\sar\1104.jcv,fpack\chr\hr\sar\1300.txg,fpack\chr\hr\sar\2000.ptl,fpack\chr\hr\sar\2000.ref,fpack\chr\hr\sar\2000.txg
fpack\chr\sar3000.fpk;fpack\chr\hr\sar\3000.poo,fpack\chr\hr\sar\3000.pro,fpack\chr\hr\sar\3000.sam,fpack\chr\hr\sar\3000.sdi
fpack\chr\sar4000.fpk;fpack\chr\hr\sar\4000.txg
fpack\chr\sar4100.fpk;fpack\chr\hr\sar\4100.txg
fpack\chr\sar4300.fpk;fpack\chr\hr\sar\4300.txg
fpack\chr\sas0000.fpk;fpack\chr\hr\sas\0000.dat,fpack\chr\hr\sas\0000.jcv
fpack\chr\sas0100.fpk;fpack\chr\hr\sas\0100.dat,fpack\chr\hr\sas\0100.jcv
fpack\chr\sas0200.fpk;fpack\chr\hr\sas\0200.dat,fpack\chr\hr\sas\0200.jcv
fpack\chr\sas0300.fpk;fpack\chr\hr\sas\0300.dat,fpack\chr\hr\sas\0300.jcv
fpack\chr\sas1000.fpk;fpack\chr\hr\sas\0000.mot,fpack\chr\hr\sas\0001.mot,fpack\chr\hr\sas\1000.dat,fpack\chr\hr\sas\1000.jcv,fpack\chr\hr\sas\1000.txg,fpack\chr\hr\sas\1001.dat,fpack\chr\hr\sas\1001.jcv,fpack\chr\hr\sas\1001.txg,fpack\chr\hr\sas\1002.dat,fpack\chr\hr\sas\1002.jcv,fpack\chr\hr\sas\1002.txg,fpack\chr\hr\sas\1003.dat,fpack\chr\hr\sas\1003.jcv,fpack\chr\hr\sas\1003.txg,fpack\chr\hr\sas\1004.dat,fpack\chr\hr\sas\1004.jcv,fpack\chr\hr\sas\1005.dat,fpack\chr\hr\sas\1005.jcv,fpack\chr\hr\sas\1100.dat,fpack\chr\hr\sas\1100.jcv,fpack\chr\hr\sas\1101.dat,fpack\chr\hr\sas\1101.jcv,fpack\chr\hr\sas\1300.txg,fpack\chr\hr\sas\1301.txg,fpack\chr\hr\sas\2000.ptl,fpack\chr\hr\sas\2000.ref,fpack\chr\hr\sas\2000.txg
fpack\chr\sas3000.fpk;fpack\chr\hr\sas\3000.poo,fpack\chr\hr\sas\3000.pro,fpack\chr\hr\sas\3000.sam,fpack\chr\hr\sas\3000.sdi
fpack\chr\sas4000.fpk;fpack\chr\hr\sas\4000.txg
fpack\chr\sas4100.fpk;fpack\chr\hr\sas\4100.txg
fpack\chr\sas4300.fpk;fpack\chr\hr\sas\4300.txg
fpack\chr\scmn0000.fpk;fpack\chr\hr\cmn\4000.dat,fpack\chr\hr\cmn\4000.jcv,fpack\chr\hr\cmn\4001.dat,fpack\chr\hr\cmn\4001.jcv,fpack\chr\hr\cmn\4002.dat,fpack\chr\hr\cmn\4002.jcv,fpack\chr\hr\cmn\4003.dat,fpack\chr\hr\cmn\4003.jcv,fpack\chr\hr\cmn\4004.dat,fpack\chr\hr\cmn\4004.jcv
fpack\chr\sik0000.fpk;fpack\chr\hr\sik\0000.dat,fpack\chr\hr\sik\0000.jcv
fpack\chr\sik0100.fpk;fpack\chr\hr\sik\0100.dat,fpack\chr\hr\sik\0100.jcv
fpack\chr\sik1000.fpk;fpack\chr\hr\sik\0000.mot,fpack\chr\hr\sik\0001.mot,fpack\chr\hr\sik\1000.dat,fpack\chr\hr\sik\1000.jcv,fpack\chr\hr\sik\1000.txg,fpack\chr\hr\sik\1001.dat,fpack\chr\hr\sik\1001.jcv,fpack\chr\hr\sik\1001.txg,fpack\chr\hr\sik\1002.txg,fpack\chr\hr\sik\1100.dat,fpack\chr\hr\sik\1100.jcv,fpack\chr\hr\sik\1101.dat,fpack\chr\hr\sik\1101.jcv,fpack\chr\hr\sik\1102.dat,fpack\chr\hr\sik\1102.jcv,fpack\chr\hr\sik\1300.txg
fpack\chr\sik3000.fpk;fpack\chr\hr\sik\3000.poo,fpack\chr\hr\sik\3000.pro,fpack\chr\hr\sik\3000.sam,fpack\chr\hr\sik\3000.sdi
fpack\chr\sik4000.fpk;fpack\chr\hr\sik\4000.txg,fpack\chr\hr\sik\4001.txg
fpack\chr\sik4100.fpk;fpack\chr\hr\sik\4100.txg
fpack\chr\sik4300.fpk;fpack\chr\hr\sik\4300.txg,fpack\chr\hr\sik\4301.txg
fpack\chr\sin0000.fpk;fpack\chr\hr\sin\0000.dat,fpack\chr\hr\sin\0000.jcv
fpack\chr\sin0100.fpk;fpack\chr\hr\sin\0100.dat,fpack\chr\hr\sin\0100.jcv
fpack\chr\sin1000.fpk;fpack\chr\hr\sin\0000.mot,fpack\chr\hr\sin\0001.mot,fpack\chr\hr\sin\1000.dat,fpack\chr\hr\sin\1000.jcv,fpack\chr\hr\sin\1000.txg,fpack\chr\hr\sin\1001.txg,fpack\chr\hr\sin\1002.txg,fpack\chr\hr\sin\1100.dat,fpack\chr\hr\sin\1100.jcv,fpack\chr\hr\sin\1101.dat,fpack\chr\hr\sin\1101.jcv,fpack\chr\hr\sin\1300.txg,fpack\chr\hr\sin\2000.ptl,fpack\chr\hr\sin\2000.ref,fpack\chr\hr\sin\2000.txg
fpack\chr\sin3000.fpk;fpack\chr\hr\sin\3000.poo,fpack\chr\hr\sin\3000.pro,fpack\chr\hr\sin\3000.sam,fpack\chr\hr\sin\3000.sdi
fpack\chr\sin4000.fpk;fpack\chr\hr\sin\4000.txg
fpack\chr\sin4100.fpk;fpack\chr\hr\sin\4100.txg
fpack\chr\sin4300.fpk;fpack\chr\hr\sin\4300.txg
fpack\chr\sko0000.fpk;fpack\chr\hr\sko\0000.dat,fpack\chr\hr\sko\0000.jcv
fpack\chr\sko0100.fpk;fpack\chr\hr\sko\0100.dat,fpack\chr\hr\sko\0100.jcv
fpack\chr\sko1000.fpk;fpack\chr\hr\sko\0000.mot,fpack\chr\hr\sko\0001.mot,fpack\chr\hr\sko\1000.dat,fpack\chr\hr\sko\1000.jcv,fpack\chr\hr\sko\1000.txg,fpack\chr\hr\sko\1001.dat,fpack\chr\hr\sko\1001.jcv,fpack\chr\hr\sko\1001.txg,fpack\chr\hr\sko\1002.dat,fpack\chr\hr\sko\1002.jcv,fpack\chr\hr\sko\1003.dat,fpack\chr\hr\sko\1003.jcv,fpack\chr\hr\sko\1004.dat,fpack\chr\hr\sko\1004.jcv,fpack\chr\hr\sko\1005.dat,fpack\chr\hr\sko\1005.jcv,fpack\chr\hr\sko\1006.dat,fpack\chr\hr\sko\1006.jcv,fpack\chr\hr\sko\1007.dat,fpack\chr\hr\sko\1007.jcv,fpack\chr\hr\sko\1008.dat,fpack\chr\hr\sko\1008.jcv,fpack\chr\hr\sko\1009.dat,fpack\chr\hr\sko\1009.jcv,fpack\chr\hr\sko\1100.dat,fpack\chr\hr\sko\1100.jcv,fpack\chr\hr\sko\1101.dat,fpack\chr\hr\sko\1101.jcv,fpack\chr\hr\sko\1102.dat,fpack\chr\hr\sko\1102.jcv,fpack\chr\hr\sko\1300.txg,fpack\chr\hr\sko\2000.ptl,fpack\chr\hr\sko\2000.ref,fpack\chr\hr\sko\2000.txg
fpack\chr\sko3000.fpk;fpack\chr\hr\sko\3000.poo,fpack\chr\hr\sko\3000.pro,fpack\chr\hr\sko\3000.sam,fpack\chr\hr\sko\3000.sdi
fpack\chr\sko4000.fpk;fpack\chr\hr\sko\4000.txg
fpack\chr\sko4100.fpk;fpack\chr\hr\sko\4100.txg
fpack\chr\sko4300.fpk;fpack\chr\hr\sko\4300.txg
fpack\chr\ta20000.fpk;fpack\chr\hr\ta2\0000.dat,fpack\chr\hr\ta2\0000.jcv
fpack\chr\ta20100.fpk;fpack\chr\hr\ta2\0100.dat,fpack\chr\hr\ta2\0100.jcv
fpack\chr\ta21000.fpk;fpack\chr\hr\ta2\0000.mot,fpack\chr\hr\ta2\1000.dat,fpack\chr\hr\ta2\1000.jcv,fpack\chr\hr\ta2\1000.txg,fpack\chr\hr\ta2\1001.txg,fpack\chr\hr\ta2\1100.dat,fpack\chr\hr\ta2\1100.jcv,fpack\chr\hr\ta2\1300.txg,fpack\chr\hr\ta2\2000.ptl,fpack\chr\hr\ta2\2000.ref,fpack\chr\hr\ta2\2000.txg
fpack\chr\ta24000.fpk;fpack\chr\hr\ta2\4000.txg
fpack\chr\ta24100.fpk;fpack\chr\hr\ta2\4100.txg
fpack\chr\tay0000.fpk;fpack\chr\hr\tay\0000.dat,fpack\chr\hr\tay\0000.jcv
fpack\chr\tay0100.fpk;fpack\chr\hr\tay\0100.dat,fpack\chr\hr\tay\0100.jcv
fpack\chr\tay1000.fpk;fpack\chr\hr\tay\0000.mot,fpack\chr\hr\tay\0001.mot,fpack\chr\hr\tay\1000.dat,fpack\chr\hr\tay\1000.jcv,fpack\chr\hr\tay\1000.txg,fpack\chr\hr\tay\1001.dat,fpack\chr\hr\tay\1001.jcv,fpack\chr\hr\tay\1001.txg,fpack\chr\hr\tay\1002.dat,fpack\chr\hr\tay\1002.jcv,fpack\chr\hr\tay\1002.txg,fpack\chr\hr\tay\1003.dat,fpack\chr\hr\tay\1003.jcv,fpack\chr\hr\tay\1004.dat,fpack\chr\hr\tay\1004.jcv,fpack\chr\hr\tay\1005.dat,fpack\chr\hr\tay\1005.jcv,fpack\chr\hr\tay\1006.dat,fpack\chr\hr\tay\1006.jcv,fpack\chr\hr\tay\1100.dat,fpack\chr\hr\tay\1100.jcv,fpack\chr\hr\tay\1101.dat,fpack\chr\hr\tay\1101.jcv,fpack\chr\hr\tay\1300.txg,fpack\chr\hr\tay\2000.ptl,fpack\chr\hr\tay\2000.ref,fpack\chr\hr\tay\2000.txg
fpack\chr\tay3000.fpk;fpack\chr\hr\tay\3000.poo,fpack\chr\hr\tay\3000.pro,fpack\chr\hr\tay\3000.sam,fpack\chr\hr\tay\3000.sdi
fpack\chr\tay4000.fpk;fpack\chr\hr\tay\4000.txg
fpack\chr\tay4100.fpk;fpack\chr\hr\tay\4100.txg
fpack\chr\tay4300.fpk;fpack\chr\hr\tay\4300.txg
fpack\chr\tem0000.fpk;fpack\chr\hr\tem\0000.dat,fpack\chr\hr\tem\0000.jcv
fpack\chr\tem0100.fpk;fpack\chr\hr\tem\0100.dat,fpack\chr\hr\tem\0100.jcv
fpack\chr\tem1000.fpk;fpack\chr\hr\tem\0000.mot,fpack\chr\hr\tem\0001.mot,fpack\chr\hr\tem\1000.dat,fpack\chr\hr\tem\1000.jcv,fpack\chr\hr\tem\1000.txg,fpack\chr\hr\tem\1001.dat,fpack\chr\hr\tem\1001.jcv,fpack\chr\hr\tem\1001.txg,fpack\chr\hr\tem\1002.dat,fpack\chr\hr\tem\1002.jcv,fpack\chr\hr\tem\1003.dat,fpack\chr\hr\tem\1003.jcv,fpack\chr\hr\tem\1004.dat,fpack\chr\hr\tem\1004.jcv,fpack\chr\hr\tem\1100.dat,fpack\chr\hr\tem\1100.jcv,fpack\chr\hr\tem\1101.dat,fpack\chr\hr\tem\1101.jcv,fpack\chr\hr\tem\1300.txg,fpack\chr\hr\tem\2000.ptl,fpack\chr\hr\tem\2000.ref,fpack\chr\hr\tem\2000.txg
fpack\chr\tem3000.fpk;fpack\chr\hr\tem\3000.poo,fpack\chr\hr\tem\3000.pro,fpack\chr\hr\tem\3000.sam,fpack\chr\hr\tem\3000.sdi
fpack\chr\tem4000.fpk;fpack\chr\hr\tem\4000.txg,fpack\chr\hr\tem\4001.txg
fpack\chr\tem4100.fpk;fpack\chr\hr\tem\4100.txg
fpack\chr\tem4300.fpk;fpack\chr\hr\tem\4300.txg,fpack\chr\hr\tem\4301.txg
fpack\chr\ten0000.fpk;fpack\chr\hr\ten\0000.dat,fpack\chr\hr\ten\0000.jcv
fpack\chr\ten0100.fpk;fpack\chr\hr\ten\0100.dat,fpack\chr\hr\ten\0100.jcv
fpack\chr\ten1000.fpk;fpack\chr\hr\ten\0000.mot,fpack\chr\hr\ten\0001.mot,fpack\chr\hr\ten\1000.dat,fpack\chr\hr\ten\1000.jcv,fpack\chr\hr\ten\1000.txg,fpack\chr\hr\ten\1001.dat,fpack\chr\hr\ten\1001.jcv,fpack\chr\hr\ten\1002.txg,fpack\chr\hr\ten\1100.dat,fpack\chr\hr\ten\1100.jcv,fpack\chr\hr\ten\1101.dat,fpack\chr\hr\ten\1101.jcv,fpack\chr\hr\ten\1102.dat,fpack\chr\hr\ten\1102.jcv,fpack\chr\hr\ten\1103.dat,fpack\chr\hr\ten\1103.jcv,fpack\chr\hr\ten\1104.dat,fpack\chr\hr\ten\1104.jcv,fpack\chr\hr\ten\1105.dat,fpack\chr\hr\ten\1105.jcv,fpack\chr\hr\ten\1106.dat,fpack\chr\hr\ten\1106.jcv,fpack\chr\hr\ten\1107.dat,fpack\chr\hr\ten\1107.jcv,fpack\chr\hr\ten\1108.dat,fpack\chr\hr\ten\1108.jcv,fpack\chr\hr\ten\1300.txg,fpack\chr\hr\ten\2000.ptl,fpack\chr\hr\ten\2000.ref,fpack\chr\hr\ten\2000.txg
fpack\chr\ten3000.fpk;fpack\chr\hr\ten\3000.poo,fpack\chr\hr\ten\3000.pro,fpack\chr\hr\ten\3000.sam,fpack\chr\hr\ten\3000.sdi
fpack\chr\ten4000.fpk;fpack\chr\hr\ten\4000.txg
fpack\chr\ten4100.fpk;fpack\chr\hr\ten\4100.txg
fpack\chr\ten4300.fpk;fpack\chr\hr\ten\4300.txg
fpack\chr\tsu0000.fpk;fpack\chr\hr\tsu\0000.dat,fpack\chr\hr\tsu\0000.jcv
fpack\chr\tsu0100.fpk;fpack\chr\hr\tsu\0100.dat,fpack\chr\hr\tsu\0100.jcv
fpack\chr\tsu1000.fpk;fpack\chr\hr\tsu\0000.mot,fpack\chr\hr\tsu\0001.mot,fpack\chr\hr\tsu\1000.dat,fpack\chr\hr\tsu\1000.jcv,fpack\chr\hr\tsu\1000.txg,fpack\chr\hr\tsu\1001.dat,fpack\chr\hr\tsu\1001.jcv,fpack\chr\hr\tsu\1001.txg,fpack\chr\hr\tsu\1002.dat,fpack\chr\hr\tsu\1002.jcv,fpack\chr\hr\tsu\1003.dat,fpack\chr\hr\tsu\1003.jcv,fpack\chr\hr\tsu\1004.dat,fpack\chr\hr\tsu\1004.jcv,fpack\chr\hr\tsu\1005.dat,fpack\chr\hr\tsu\1005.jcv,fpack\chr\hr\tsu\1006.dat,fpack\chr\hr\tsu\1006.jcv,fpack\chr\hr\tsu\1007.dat,fpack\chr\hr\tsu\1007.jcv,fpack\chr\hr\tsu\1100.dat,fpack\chr\hr\tsu\1100.jcv,fpack\chr\hr\tsu\1300.txg,fpack\chr\hr\tsu\2000.ptl,fpack\chr\hr\tsu\2000.ref,fpack\chr\hr\tsu\2000.txg
fpack\chr\tsu3000.fpk;fpack\chr\hr\tsu\3000.poo,fpack\chr\hr\tsu\3000.pro,fpack\chr\hr\tsu\3000.sam,fpack\chr\hr\tsu\3000.sdi
fpack\chr\tsu4000.fpk;fpack\chr\hr\tsu\4000.txg
fpack\chr\tsu4100.fpk;fpack\chr\hr\tsu\4100.txg
fpack\chr\tsu4300.fpk;fpack\chr\hr\tsu\4300.txg
fpack\chr\zab0000.fpk;fpack\chr\hr\zab\0000.dat,fpack\chr\hr\zab\0000.jcv
fpack\chr\zab0100.fpk;fpack\chr\hr\zab\0100.dat,fpack\chr\hr\zab\0100.jcv
fpack\chr\zab1000.fpk;fpack\chr\hr\zab\0000.mot,fpack\chr\hr\zab\0001.mot,fpack\chr\hr\zab\1000.dat,fpack\chr\hr\zab\1000.jcv,fpack\chr\hr\zab\1000.txg,fpack\chr\hr\zab\1001.dat,fpack\chr\hr\zab\1001.jcv,fpack\chr\hr\zab\1001.txg,fpack\chr\hr\zab\1300.txg,fpack\chr\hr\zab\2000.ptl,fpack\chr\hr\zab\2000.ref,fpack\chr\hr\zab\2000.txg
fpack\chr\zab3000.fpk;fpack\chr\hr\zab\3000.poo,fpack\chr\hr\zab\3000.pro,fpack\chr\hr\zab\3000.sam,fpack\chr\hr\zab\3000.sdi
fpack\chr\zab4000.fpk;fpack\chr\hr\zab\4000.txg
fpack\chr\zab4100.fpk;fpack\chr\hr\zab\4100.txg
fpack\chr\zab4300.fpk;fpack\chr\hr\zab\4300.txg
fpack\cmn0000.fpk;fpack\cmn\3000.poo,fpack\cmn\3000.pro,fpack\cmn\3000.sam,fpack\cmn\3000.sdi,fpack\cmn\bannerj.tpl,fpack\cmn\icon.tpl,fpack\cmn\0000.txg,fpack\cmn\0002.txg,fpack\cmn\0003.txg
fpack\cmn0001.fpk;fpack\cmn\0001.txg
fpack\gall0000.fpk;fpack\omake\0010.txg
fpack\gall0001.fpk;fpack\omake\0020.txg
fpack\gall0002.fpk;fpack\omake\0030.txg
fpack\gall0003.fpk;fpack\omake\0040.txg
fpack\gall0004.fpk;fpack\omake\0050.txg
fpack\gall0005.fpk;fpack\omake\0021.txg
fpack\gall0006.fpk;fpack\omake\0022.txg
fpack\gall0007.fpk;fpack\omake\0023.txg
fpack\gall0008.fpk;fpack\omake\0024.txg
fpack\game0000.fpk;fpack\game\0009.txg,fpack\game\0100.txg,fpack\game\0101.txg,fpack\game\0102.txg,fpack\game\0103.txg,fpack\game\0401.txg,fpack\game\0402.txg,fpack\game\0404.txg
fpack\game0001.fpk;fpack\title\0200.txg,fpack\title\0201.txg,fpack\title\0202.txg,fpack\title\0001.txg,fpack\title\0000.txg,fpack\title\0203.txg,fpack\title\0204.txg,fpack\title\0205.txg,fpack\game\3002.poo,fpack\game\3002.pro,fpack\game\3002.sam,fpack\game\3002.sdi,fpack\game\3003.poo,fpack\game\3003.pro,fpack\game\3003.sam,fpack\game\3003.sdi
fpack\game0002.fpk;fpack\title\0100.txg,fpack\title\0101.txg,fpack\sel\0400.txg
fpack\game0003.fpk;fpack\omake\0000.txg,fpack\omake\0001.txg,fpack\omake\0002.txg,fpack\omake\0003.txg,fpack\omake\0004.txg,fpack\omake\0005.txg,fpack\omake\0006.txg
fpack\game0004.fpk;fpack\omake\0100.txg,fpack\omake\0002.txg
fpack\game0005.fpk;fpack\shop\0000.dat,fpack\shop\0000.jcv,fpack\shop\0000.mot,fpack\shop\0000.txg,fpack\shop\0001.dat,fpack\shop\0001.jcv,fpack\shop\1300.txg,fpack\sel\1000.txg
fpack\game0006.fpk;fpack\sel\0052.txg,fpack\vs\sas\4200.txg,fpack\vs\hak\4200.txg,fpack\vs\kak\4200.txg,fpack\vs\loc\4200.txg,fpack\vs\iru\4200.txg,fpack\vs\zab\4200.txg,fpack\vs\sak\4200.txg,fpack\sak\’·\4201.txg,fpack\vs\nar\4200.txg,fpack\vs\ino\4200.txg,fpack\ino\’·\4201.txg,fpack\vs\sik\4200.txg,fpack\sik\‹Œ\4201.txg,fpack\vs\nej\4200.txg,fpack\vs\hin\4200.txg,fpack\vs\gai\4200.txg,fpack\vs\kan\4200.txg,fpack\kan\‹Œ\4201.txg,fpack\vs\kar\4200.txg,fpack\vs\kib\4200.txg,fpack\vs\dog\4200.txg,fpack\vs\gar\4200.txg,fpack\gar\‹Œ\4201.txg,fpack\vs\oro\4200.txg,fpack\vs\obo\4200.txg,fpack\vs\miz\4200.txg,fpack\vs\ank\4200.txg,fpack\vs\jir\4200.txg,fpack\vs\cho\4200.txg,fpack\vs\ten\4200.txg,fpack\vs\tem\4200.txg,fpack\tem\‹Œ\4201.txg,fpack\vs\sin\4200.txg,fpack\vs\ita\4200.txg,fpack\vs\tsu\4200.txg,fpack\vs\sar\4200.txg,fpack\vs\kim\4200.txg,fpack\vs\bou\4200.txg,fpack\vs\kid\4200.txg,fpack\vs\sko\4200.txg,fpack\vs\tay\4200.txg,fpack\vs\kis\4200.txg,fpack\vs\sa2\4200.txg,fpack\vs\na9\4200.txg,fpack\vs\kab\4200.txg,fpack\vs\hi2\4200.txg
fpack\game0007.fpk;fpack\sel\0050.txg,fpack\sel\0051.txg,fpack\sel\0053.txg,fpack\sel\0054.txg,fpack\sel\0055.txg,fpack\game\3001.poo,fpack\game\3001.pro,fpack\game\3001.sam,fpack\game\3001.sdi
fpack\game0008.fpk;fpack\omake\0010.txg
fpack\game0100.fpk;fpack\title\0000.mot
fpack\game1000.fpk;fpack\game\0012.txg
fpack\game3000.fpk;fpack\game\3000.poo,fpack\game\3000.pro,fpack\game\3000.sam,fpack\game\3000.sdi,fpack\game\3004.poo,fpack\game\3004.pro,fpack\game\3004.sam,fpack\game\3004.sdi
fpack\game3003.fpk;fpack\game\3003.poo,fpack\game\3003.pro,fpack\game\3003.sam,fpack\game\3003.sdi
fpack\game3005.fpk;fpack\game\3005.poo,fpack\game\3005.pro,fpack\game\3005.sam,fpack\game\3005.sdi
fpack\seq0000.fpk;fpack\hr\ank\0000.seq,fpack\hr\ank\0010.seq,fpack\hr\ank\1000.seq,fpack\hr\bou\0000.seq,fpack\hr\bou\0010.seq,fpack\hr\bou\1000.seq,fpack\hr\cho\0000.seq,fpack\hr\cho\0010.seq,fpack\hr\cho\1000.seq,fpack\hr\cmn\1000.seq,fpack\hr\dog\0000.seq,fpack\hr\dog\0010.seq,fpack\hr\dog\1000.seq,fpack\hr\gai\0000.seq,fpack\hr\gai\0010.seq,fpack\hr\gai\1000.seq,fpack\hr\gar\0000.seq,fpack\hr\gar\0010.seq,fpack\hr\gar\1000.seq,fpack\hr\hak\0000.seq,fpack\hr\hak\0010.seq,fpack\hr\hak\1000.seq,fpack\hr\hi2\0000.seq,fpack\hr\hi2\0010.seq,fpack\hr\hi2\1000.seq,fpack\hr\hin\0000.seq,fpack\hr\hin\0010.seq,fpack\hr\hin\1000.seq,fpack\hr\ino\0000.seq,fpack\hr\ino\0010.seq,fpack\hr\ino\1000.seq,fpack\hr\iru\0000.seq,fpack\hr\iru\0010.seq,fpack\hr\iru\1000.seq,fpack\hr\ita\0000.seq,fpack\hr\ita\0010.seq,fpack\hr\ita\1000.seq,fpack\hr\jir\0000.seq,fpack\hr\jir\0010.seq,fpack\hr\jir\1000.seq,fpack\hr\kab\0000.seq,fpack\hr\kab\0010.seq,fpack\hr\kab\1000.seq,fpack\hr\kak\0000.seq,fpack\hr\kak\0010.seq,fpack\hr\kak\1000.seq,fpack\hr\kan\0000.seq,fpack\hr\kan\0010.seq,fpack\hr\kan\1000.seq,fpack\hr\kar\0000.seq,fpack\hr\kar\0010.seq,fpack\hr\kar\1000.seq,fpack\hr\kib\0000.seq,fpack\hr\kib\0010.seq,fpack\hr\kib\1000.seq,fpack\hr\kid\0000.seq,fpack\hr\kid\0010.seq,fpack\hr\kid\1000.seq,fpack\hr\kim\0000.seq,fpack\hr\kim\0010.seq,fpack\hr\kim\1000.seq,fpack\hr\kis\0000.seq,fpack\hr\kis\0010.seq,fpack\hr\kis\1000.seq,fpack\hr\loc\0000.seq,fpack\hr\loc\0010.seq,fpack\hr\loc\1000.seq,fpack\hr\miz\0000.seq,fpack\hr\miz\0010.seq,fpack\hr\miz\1000.seq,fpack\hr\na9\0000.seq,fpack\hr\na9\0010.seq,fpack\hr\na9\1000.seq,fpack\hr\nar\0000.seq,fpack\hr\nar\0010.seq,fpack\hr\nar\1000.seq,fpack\hr\nej\0000.seq,fpack\hr\nej\0010.seq,fpack\hr\nej\1000.seq,fpack\hr\obo\0000.seq,fpack\hr\obo\0010.seq,fpack\hr\obo\1000.seq,fpack\hr\oro\0000.seq,fpack\hr\oro\0010.seq,fpack\hr\oro\1000.seq,fpack\hr\sa2\0000.seq,fpack\hr\sa2\0010.seq,fpack\hr\sa2\1000.seq,fpack\hr\sak\0000.seq,fpack\hr\sak\0010.seq,fpack\hr\sak\1000.seq,fpack\hr\sar\0000.seq,fpack\hr\sar\0010.seq,fpack\hr\sar\1000.seq,fpack\hr\sas\0000.seq,fpack\hr\sas\0010.seq,fpack\hr\sas\1000.seq,fpack\hr\sik\0000.seq,fpack\hr\sik\0010.seq,fpack\hr\sik\1000.seq,fpack\hr\sin\0000.seq,fpack\hr\sin\0010.seq,fpack\hr\sin\1000.seq,fpack\hr\sko\0000.seq,fpack\hr\sko\0010.seq,fpack\hr\sko\1000.seq,fpack\hr\ta2\0000.seq,fpack\hr\ta2\0010.seq,fpack\hr\ta2\1000.seq,fpack\hr\tay\0000.seq,fpack\hr\tay\0010.seq,fpack\hr\tay\1000.seq,fpack\hr\tem\0000.seq,fpack\hr\tem\0010.seq,fpack\hr\tem\1000.seq,fpack\hr\ten\0000.seq,fpack\hr\ten\0010.seq,fpack\hr\ten\1000.seq,fpack\hr\tsu\0000.seq,fpack\hr\tsu\0010.seq,fpack\hr\tsu\1000.seq,fpack\hr\zab\0000.seq,fpack\hr\zab\0010.seq,fpack\hr\zab\1000.seq,fpack\ru\f_camera.seq,fpack\me\camera00.seq,fpack\me\camera01.seq,fpack\game\game00.seq,fpack\ame\m_entry.seq,fpack\game\m_vs.seq,fpack\me\player00.seq,fpack\kuro\button.seq,fpack\uro\loading.seq,fpack\kuro\tmode.seq,fpack\ki\charsel4.seq,fpack\ki\char_sel.seq,fpack\maki\m_gal.seq,fpack\aki\m_nfile.seq,fpack\aki\m_nsiki.seq,fpack\ki\m_sndplr.seq,fpack\aki\m_title.seq,fpack\ki\m_viewer.seq,fpack\tg\001\0000.seq,fpack\tg\001\0100.seq,fpack\tg\002\0000.seq,fpack\tg\002\0100.seq,fpack\tg\003\0000.seq,fpack\tg\003\0100.seq,fpack\tg\004\0000.seq,fpack\tg\004\0100.seq,fpack\tg\005\0000.seq,fpack\tg\005\0100.seq,fpack\tg\006\0000.seq,fpack\tg\006\0100.seq,fpack\tg\007\0000.seq,fpack\tg\007\0100.seq,fpack\tg\008\0000.seq,fpack\tg\008\0100.seq,fpack\tg\009\0000.seq,fpack\tg\009\0100.seq,fpack\tg\010\0000.seq,fpack\tg\010\0100.seq,fpack\tg\011\0000.seq,fpack\tg\011\0100.seq,fpack\tg\012\0000.seq,fpack\tg\012\0100.seq,fpack\tg\013\0000.seq,fpack\tg\013\0100.seq,fpack\tg\014\0000.seq,fpack\tg\014\0100.seq,fpack\tg\015\0000.seq,fpack\tg\015\0100.seq,fpack\tg\016\0000.seq,fpack\tg\016\0100.seq,fpack\tg\017\0000.seq,fpack\tg\017\0100.seq,fpack\tg\019\0000.seq,fpack\tg\019\0100.seq,fpack\tg\020\0000.seq,fpack\tg\020\0100.seq,fpack\tg\021\0000.seq,fpack\tg\021\0100.seq,fpack\tg\022\0000.seq,fpack\tg\022\0100.seq,fpack\tg\023\0000.seq,fpack\tg\023\0100.seq,fpack\tg\024\0000.seq,fpack\tg\024\0100.seq,fpack\tg\025\0000.seq,fpack\tg\025\0100.seq,fpack\tg\026\0000.seq,fpack\tg\026\0100.seq,fpack\tg\027\0000.seq,fpack\tg\027\0100.seq,fpack\tg\028\0000.seq,fpack\tg\028\0100.seq,fpack\tg\029\0000.seq,fpack\tg\029\0100.seq,fpack\tg\030\0000.seq,fpack\tg\030\0100.seq,fpack\tg\031\0000.seq,fpack\tg\031\0100.seq,fpack\tg\032\0000.seq,fpack\tg\032\0100.seq,fpack\story\s00.seq,fpack\story\s01.seq,fpack\story\s02.seq,fpack\story\s03.seq,fpack\story\s04.seq,fpack\story\s05.seq,fpack\story\s06.seq,fpack\story\s07.seq,fpack\story\s08.seq,fpack\story\s09.seq,fpack\story\s0e.seq,fpack\story\s10.seq,fpack\story\s11.seq,fpack\story\s12.seq,fpack\story\s13.seq,fpack\story\s14.seq,fpack\story\s15.seq,fpack\story\s16.seq,fpack\story\s17.seq,fpack\story\s18.seq,fpack\story\s19.seq,fpack\story\s1e.seq,fpack\story\s20.seq,fpack\story\s21.seq,fpack\story\s22.seq,fpack\story\s23.seq,fpack\story\s24.seq
fpack\stg\0010000.fpk;fpack\stg\tg\001\0000.dat,fpack\stg\tg\001\0000.jcv,fpack\stg\tg\001\0100.dat,fpack\stg\tg\001\0100.jcv,fpack\stg\tg\001\0200.dat,fpack\stg\tg\001\0200.jcv,fpack\stg\tg\001\2000.ptl,fpack\stg\tg\001\2000.ref,fpack\stg\tg\001\2000.txg,fpack\stg\tg\001\3000.poo,fpack\stg\tg\001\3000.pro,fpack\stg\tg\001\3000.sam,fpack\stg\tg\001\3000.sdi
fpack\stg\0020000.fpk;fpack\stg\tg\002\0000.dat,fpack\stg\tg\002\0000.jcv,fpack\stg\tg\002\0100.dat,fpack\stg\tg\002\0100.jcv,fpack\stg\tg\002\0200.dat,fpack\stg\tg\002\0200.jcv,fpack\stg\tg\002\3000.poo,fpack\stg\tg\002\3000.pro,fpack\stg\tg\002\3000.sam,fpack\stg\tg\002\3000.sdi
fpack\stg\0030000.fpk;fpack\stg\tg\003\0000.dat,fpack\stg\tg\003\0000.jcv,fpack\stg\tg\003\0100.dat,fpack\stg\tg\003\0100.jcv,fpack\stg\tg\003\0200.dat,fpack\stg\tg\003\0200.jcv,fpack\stg\tg\003\0400.dat,fpack\stg\tg\003\0400.jcv,fpack\stg\tg\003\2000.ptl,fpack\stg\tg\003\2000.ref,fpack\stg\tg\003\2000.txg,fpack\stg\tg\003\3000.poo,fpack\stg\tg\003\3000.pro,fpack\stg\tg\003\3000.sam,fpack\stg\tg\003\3000.sdi
fpack\stg\0040000.fpk;fpack\stg\tg\004\0000.dat,fpack\stg\tg\004\0000.jcv,fpack\stg\tg\004\0100.dat,fpack\stg\tg\004\0100.jcv,fpack\stg\tg\004\0200.dat,fpack\stg\tg\004\0200.jcv,fpack\stg\tg\004\0600.dat,fpack\stg\tg\004\0600.jcv,fpack\stg\tg\004\3000.poo,fpack\stg\tg\004\3000.pro,fpack\stg\tg\004\3000.sam,fpack\stg\tg\004\3000.sdi
fpack\stg\0050000.fpk;fpack\stg\tg\005\0000.dat,fpack\stg\tg\005\0000.jcv,fpack\stg\tg\005\0100.dat,fpack\stg\tg\005\0100.jcv,fpack\stg\tg\005\0200.dat,fpack\stg\tg\005\0200.jcv,fpack\stg\tg\005\1100.txg,fpack\stg\tg\005\3000.poo,fpack\stg\tg\005\3000.pro,fpack\stg\tg\005\3000.sam,fpack\stg\tg\005\3000.sdi
fpack\stg\0060000.fpk;fpack\stg\tg\006\0000.dat,fpack\stg\tg\006\0000.jcv,fpack\stg\tg\006\0100.dat,fpack\stg\tg\006\0100.jcv,fpack\stg\tg\006\0200.dat,fpack\stg\tg\006\0200.jcv,fpack\stg\tg\006\2000.ptl,fpack\stg\tg\006\2000.ref,fpack\stg\tg\006\2000.txg,fpack\stg\tg\006\3000.poo,fpack\stg\tg\006\3000.pro,fpack\stg\tg\006\3000.sam,fpack\stg\tg\006\3000.sdi
fpack\stg\0070000.fpk;fpack\stg\tg\007\0000.dat,fpack\stg\tg\007\0000.jcv,fpack\stg\tg\007\0100.dat,fpack\stg\tg\007\0100.jcv,fpack\stg\tg\007\0200.dat,fpack\stg\tg\007\0200.jcv,fpack\stg\tg\007\3000.poo,fpack\stg\tg\007\3000.pro,fpack\stg\tg\007\3000.sam,fpack\stg\tg\007\3000.sdi
fpack\stg\0080000.fpk;fpack\stg\tg\008\0000.dat,fpack\stg\tg\008\0000.jcv,fpack\stg\tg\008\0100.dat,fpack\stg\tg\008\0100.jcv,fpack\stg\tg\008\0200.dat,fpack\stg\tg\008\0200.jcv,fpack\stg\tg\008\1106.txg,fpack\stg\tg\008\3000.poo,fpack\stg\tg\008\3000.pro,fpack\stg\tg\008\3000.sam,fpack\stg\tg\008\3000.sdi
fpack\stg\0090000.fpk;fpack\stg\tg\009\0000.dat,fpack\stg\tg\009\0000.jcv,fpack\stg\tg\009\0100.dat,fpack\stg\tg\009\0100.jcv,fpack\stg\tg\009\0200.dat,fpack\stg\tg\009\0200.jcv,fpack\stg\tg\009\2000.ptl,fpack\stg\tg\009\2000.ref,fpack\stg\tg\009\2000.txg,fpack\stg\tg\009\3000.poo,fpack\stg\tg\009\3000.pro,fpack\stg\tg\009\3000.sam,fpack\stg\tg\009\3000.sdi
fpack\stg\0100000.fpk;fpack\stg\tg\010\0000.dat,fpack\stg\tg\010\0000.jcv,fpack\stg\tg\010\0100.dat,fpack\stg\tg\010\0100.jcv,fpack\stg\tg\010\0200.dat,fpack\stg\tg\010\0200.jcv,fpack\stg\tg\010\1108.txg,fpack\stg\tg\010\3000.poo,fpack\stg\tg\010\3000.pro,fpack\stg\tg\010\3000.sam,fpack\stg\tg\010\3000.sdi
fpack\stg\0110000.fpk;fpack\stg\tg\011\0000.dat,fpack\stg\tg\011\0000.jcv,fpack\stg\tg\011\0100.dat,fpack\stg\tg\011\0100.jcv,fpack\stg\tg\011\0200.dat,fpack\stg\tg\011\0200.jcv,fpack\stg\tg\011\0400.dat,fpack\stg\tg\011\0400.jcv,fpack\stg\tg\011\1100.txg,fpack\stg\tg\011\3000.poo,fpack\stg\tg\011\3000.pro,fpack\stg\tg\011\3000.sam,fpack\stg\tg\011\3000.sdi
fpack\stg\0120000.fpk;fpack\stg\tg\012\0000.dat,fpack\stg\tg\012\0000.jcv,fpack\stg\tg\012\0100.dat,fpack\stg\tg\012\0100.jcv,fpack\stg\tg\012\0200.dat,fpack\stg\tg\012\0200.jcv,fpack\stg\tg\012\1107.txg,fpack\stg\tg\012\3000.poo,fpack\stg\tg\012\3000.pro,fpack\stg\tg\012\3000.sam,fpack\stg\tg\012\3000.sdi
fpack\stg\0130000.fpk;fpack\stg\tg\013\0000.dat,fpack\stg\tg\013\0000.jcv,fpack\stg\tg\013\0100.dat,fpack\stg\tg\013\0100.jcv,fpack\stg\tg\013\0200.dat,fpack\stg\tg\013\0200.jcv,fpack\stg\tg\013\0400.dat,fpack\stg\tg\013\0400.jcv,fpack\stg\tg\013\1100.txg,fpack\stg\tg\013\3000.poo,fpack\stg\tg\013\3000.pro,fpack\stg\tg\013\3000.sam,fpack\stg\tg\013\3000.sdi
fpack\stg\0140000.fpk;fpack\stg\tg\014\0000.dat,fpack\stg\tg\014\0000.jcv,fpack\stg\tg\014\0100.dat,fpack\stg\tg\014\0100.jcv,fpack\stg\tg\014\0200.dat,fpack\stg\tg\014\0200.jcv,fpack\stg\tg\014\2000.ptl,fpack\stg\tg\014\2000.ref,fpack\stg\tg\014\2000.txg,fpack\stg\tg\014\3000.poo,fpack\stg\tg\014\3000.pro,fpack\stg\tg\014\3000.sam,fpack\stg\tg\014\3000.sdi
fpack\stg\0150000.fpk;fpack\stg\tg\015\0000.dat,fpack\stg\tg\015\0000.jcv,fpack\stg\tg\015\0100.dat,fpack\stg\tg\015\0100.jcv,fpack\stg\tg\015\0200.dat,fpack\stg\tg\015\0200.jcv,fpack\stg\tg\015\3000.poo,fpack\stg\tg\015\3000.pro,fpack\stg\tg\015\3000.sam,fpack\stg\tg\015\3000.sdi
fpack\stg\0160000.fpk;fpack\stg\tg\016\0000.dat,fpack\stg\tg\016\0000.jcv,fpack\stg\tg\016\0100.dat,fpack\stg\tg\016\0100.jcv,fpack\stg\g\016\0100n.jcv,fpack\stg\tg\016\0200.dat,fpack\stg\tg\016\0200.jcv,fpack\stg\tg\016\3000.poo,fpack\stg\tg\016\3000.pro,fpack\stg\tg\016\3000.sam,fpack\stg\tg\016\3000.sdi
fpack\stg\0170000.fpk;fpack\stg\tg\017\0000.dat,fpack\stg\tg\017\0000.jcv,fpack\stg\tg\017\0100.dat,fpack\stg\tg\017\0100.jcv,fpack\stg\tg\017\0200.dat,fpack\stg\tg\017\0200.jcv,fpack\stg\tg\017\1100.txg,fpack\stg\tg\017\3000.poo,fpack\stg\tg\017\3000.pro,fpack\stg\tg\017\3000.sam,fpack\stg\tg\017\3000.sdi
fpack\stg\0190000.fpk;fpack\stg\tg\019\0000.dat,fpack\stg\tg\019\0000.jcv,fpack\stg\tg\019\0100.dat,fpack\stg\tg\019\0100.jcv,fpack\stg\tg\019\0200.dat,fpack\stg\tg\019\0200.jcv,fpack\stg\tg\019\0400.dat,fpack\stg\tg\019\0400.jcv,fpack\stg\tg\019\1114.txg,fpack\stg\tg\019\1115.txg,fpack\stg\tg\019\2000.ptl,fpack\stg\tg\019\2000.ref,fpack\stg\tg\019\2000.txg,fpack\stg\tg\019\3000.poo,fpack\stg\tg\019\3000.pro,fpack\stg\tg\019\3000.sam,fpack\stg\tg\019\3000.sdi
fpack\stg\0200000.fpk;fpack\stg\tg\020\0000.dat,fpack\stg\tg\020\0000.jcv,fpack\stg\tg\020\0100.dat,fpack\stg\tg\020\0100.jcv,fpack\stg\tg\020\0200.dat,fpack\stg\tg\020\0200.jcv,fpack\stg\tg\020\1118.txg,fpack\stg\tg\020\3000.poo,fpack\stg\tg\020\3000.pro,fpack\stg\tg\020\3000.sam,fpack\stg\tg\020\3000.sdi
fpack\stg\0210000.fpk;fpack\stg\tg\021\0000.dat,fpack\stg\tg\021\0000.jcv,fpack\stg\tg\021\0100.dat,fpack\stg\tg\021\0100.jcv,fpack\stg\tg\021\0200.dat,fpack\stg\tg\021\0200.jcv,fpack\stg\tg\021\1115.txg,fpack\stg\tg\021\1117.txg,fpack\stg\tg\021\3000.poo,fpack\stg\tg\021\3000.pro,fpack\stg\tg\021\3000.sam,fpack\stg\tg\021\3000.sdi
fpack\stg\0220000.fpk;fpack\stg\tg\022\0000.dat,fpack\stg\tg\022\0000.jcv,fpack\stg\tg\022\0100.dat,fpack\stg\tg\022\0100.jcv,fpack\stg\tg\022\0200.dat,fpack\stg\tg\022\0200.jcv,fpack\stg\tg\022\1122.txg,fpack\stg\tg\022\3000.poo,fpack\stg\tg\022\3000.pro,fpack\stg\tg\022\3000.sam,fpack\stg\tg\022\3000.sdi
fpack\stg\0230000.fpk;fpack\stg\tg\023\0000.dat,fpack\stg\tg\023\0000.jcv,fpack\stg\tg\023\0100.dat,fpack\stg\tg\023\0100.jcv,fpack\stg\tg\023\0200.dat,fpack\stg\tg\023\0200.jcv,fpack\stg\tg\023\1121.txg,fpack\stg\tg\023\2000.ptl,fpack\stg\tg\023\2000.ref,fpack\stg\tg\023\2000.txg,fpack\stg\tg\023\3000.poo,fpack\stg\tg\023\3000.pro,fpack\stg\tg\023\3000.sam,fpack\stg\tg\023\3000.sdi,fpack\stg\g\023\n0000.jcv
fpack\stg\0240000.fpk;fpack\stg\tg\024\0000.dat,fpack\stg\tg\024\0000.jcv,fpack\stg\tg\024\0100.dat,fpack\stg\tg\024\0100.jcv,fpack\stg\tg\024\0200.dat,fpack\stg\tg\024\0200.jcv,fpack\stg\tg\024\2000.ptl,fpack\stg\tg\024\2000.ref,fpack\stg\tg\024\2000.txg,fpack\stg\tg\024\3000.poo,fpack\stg\tg\024\3000.pro,fpack\stg\tg\024\3000.sam,fpack\stg\tg\024\3000.sdi
fpack\stg\0250000.fpk;fpack\stg\tg\025\0000.dat,fpack\stg\tg\025\0000.jcv,fpack\stg\tg\025\0100.dat,fpack\stg\tg\025\0100.jcv,fpack\stg\tg\025\0200.dat,fpack\stg\tg\025\0200.jcv,fpack\stg\tg\025\2000.ptl,fpack\stg\tg\025\2000.ref,fpack\stg\tg\025\2000.txg,fpack\stg\tg\025\3000.poo,fpack\stg\tg\025\3000.pro,fpack\stg\tg\025\3000.sam,fpack\stg\tg\025\3000.sdi
fpack\stg\0260000.fpk;fpack\stg\tg\026\0000.dat,fpack\stg\tg\026\0000.jcv,fpack\stg\tg\026\0100.dat,fpack\stg\tg\026\0100.jcv,fpack\stg\tg\026\0200.dat,fpack\stg\tg\026\0200.jcv,fpack\stg\tg\026\1000.txg,fpack\stg\tg\026\1100.txg,fpack\stg\tg\026\2000.ptl,fpack\stg\tg\026\2000.ref,fpack\stg\tg\026\2000.txg,fpack\stg\tg\026\3000.poo,fpack\stg\tg\026\3000.pro,fpack\stg\tg\026\3000.sam,fpack\stg\tg\026\3000.sdi
fpack\stg\0270000.fpk;fpack\stg\tg\027\0000.dat,fpack\stg\tg\027\0000.jcv,fpack\stg\tg\027\0100.dat,fpack\stg\tg\027\0100.jcv,fpack\stg\tg\027\0200.dat,fpack\stg\tg\027\0200.jcv,fpack\stg\tg\027\2000.ptl,fpack\stg\tg\027\2000.ref,fpack\stg\tg\027\2000.txg,fpack\stg\tg\027\3000.poo,fpack\stg\tg\027\3000.pro,fpack\stg\tg\027\3000.sam,fpack\stg\tg\027\3000.sdi
fpack\stg\0280000.fpk;fpack\stg\tg\028\0000.dat,fpack\stg\tg\028\0000.jcv,fpack\stg\tg\028\0100.dat,fpack\stg\tg\028\0100.jcv,fpack\stg\tg\028\0200.dat,fpack\stg\tg\028\0200.jcv,fpack\stg\tg\028\1108.txg,fpack\stg\tg\028\2000.ptl,fpack\stg\tg\028\2000.ref,fpack\stg\tg\028\2000.txg,fpack\stg\tg\028\3000.poo,fpack\stg\tg\028\3000.pro,fpack\stg\tg\028\3000.sam,fpack\stg\tg\028\3000.sdi
fpack\stg\0290000.fpk;fpack\stg\tg\029\0000.dat,fpack\stg\tg\029\0000.jcv,fpack\stg\tg\029\0100.dat,fpack\stg\tg\029\0100.jcv,fpack\stg\tg\029\0200.dat,fpack\stg\tg\029\0200.jcv,fpack\stg\tg\029\1100.txg,fpack\stg\tg\029\1106.txg,fpack\stg\tg\029\2000.ptl,fpack\stg\tg\029\2000.ref,fpack\stg\tg\029\2000.txg,fpack\stg\tg\029\3000.poo,fpack\stg\tg\029\3000.pro,fpack\stg\tg\029\3000.sam,fpack\stg\tg\029\3000.sdi
fpack\stg\0300000.fpk;fpack\stg\tg\030\0000.dat,fpack\stg\tg\030\0000.jcv,fpack\stg\tg\030\0100.dat,fpack\stg\tg\030\0100.jcv,fpack\stg\tg\030\0200.dat,fpack\stg\tg\030\0200.jcv,fpack\stg\tg\030\2000.ptl,fpack\stg\tg\030\2000.ref,fpack\stg\tg\030\2000.txg,fpack\stg\tg\030\3000.poo,fpack\stg\tg\030\3000.pro,fpack\stg\tg\030\3000.sam,fpack\stg\tg\030\3000.sdi
fpack\stg\0310000.fpk;fpack\stg\tg\031\0000.dat,fpack\stg\tg\031\0000.jcv,fpack\stg\tg\031\0100.dat,fpack\stg\tg\031\0100.jcv,fpack\stg\tg\031\0200.dat,fpack\stg\tg\031\0200.jcv,fpack\stg\tg\031\1000.txg,fpack\stg\tg\031\1118.txg,fpack\stg\tg\031\2000.ptl,fpack\stg\tg\031\2000.ref,fpack\stg\tg\031\2000.txg,fpack\stg\tg\031\3000.poo,fpack\stg\tg\031\3000.pro,fpack\stg\tg\031\3000.sam,fpack\stg\tg\031\3000.sdi
fpack\stg\0320000.fpk;fpack\stg\tg\032\0000.dat,fpack\stg\tg\032\0000.jcv,fpack\stg\tg\032\0100.dat,fpack\stg\tg\032\0100.jcv,fpack\stg\tg\032\0200.dat,fpack\stg\tg\032\0200.jcv,fpack\stg\tg\032\2000.ptl,fpack\stg\tg\032\2000.ref,fpack\stg\tg\032\2000.txg,fpack\stg\tg\032\3000.poo,fpack\stg\tg\032\3000.pro,fpack\stg\tg\032\3000.sam,fpack\stg\tg\032\3000.sdi
fpack\stg\cmn0000.fpk;fpack\stg\tg\cmn\0000.dat,fpack\stg\tg\cmn\0000.jcv,fpack\stg\tg\cmn\0010.dat,fpack\stg\tg\cmn\0010.jcv
fpack\story\story0000.fpk;fpack\story\story\0000.txg
fpack\story\story0030.fpk;fpack\story\story\0030.txg
fpack\story\story0031.fpk;fpack\story\story\0031.txg
fpack\story\story0032.fpk;fpack\story\story\0032.txg
fpack\story\story0033.fpk;fpack\story\story\0033.txg
fpack\story\story0034.fpk;fpack\story\story\0034.txg
fpack\story\story0035.fpk;fpack\story\story\0035.txg
fpack\story\story0036.fpk;fpack\story\story\0036.txg
fpack\story\story0037.fpk;fpack\story\story\0037.txg
fpack\story\story0038.fpk;fpack\story\story\0038.txg
fpack\story\story0039.fpk;fpack\story\story\0039.txg
fpack\story\story0040.fpk;fpack\story\story\0040.txg
fpack\story\story0041.fpk;fpack\story\story\0041.txg
fpack\story\story0042.fpk;fpack\story\story\0042.txg
fpack\story\story0043.fpk;fpack\story\story\0043.txg
fpack\story\story0044.fpk;fpack\story\story\0044.txg
fpack\story\story0045.fpk;fpack\story\story\0045.txg
fpack\story\story0046.fpk;fpack\story\story\0046.txg
fpack\story\story0047.fpk;fpack\story\story\0047.txg
fpack\story\story0048.fpk;fpack\story\story\0048.txg
fpack\story\story0049.fpk;fpack\story\story\0049.txg
fpack\story\story0050.fpk;fpack\story\story\0050.txg
fpack\story\story0051.fpk;fpack\story\story\0051.txg
fpack\story\story0052.fpk;fpack\story\story\0052.txg
fpack\story\story0053.fpk;fpack\story\story\0053.txg
fpack\story\story0054.fpk;fpack\story\story\0054.txg
fpack\story\story0100.fpk;fpack\story\story\0100.txg
fpack\story\story0101.fpk;fpack\story\story\0101.txg
fpack\story\story0102.fpk;fpack\story\story\0102.txg
fpack\story\story0103.fpk;fpack\story\story\0103.txg
fpack\story\story0104.fpk;fpack\story\story\0104.txg
fpack\story\story0105.fpk;fpack\story\story\0105.txg
fpack\story\story0106.fpk;fpack\story\story\0106.txg
fpack\story\story0107.fpk;fpack\story\story\0107.txg
fpack\story\story0108.fpk;fpack\story\story\0108.txg
fpack\story\story0109.fpk;fpack\story\story\0109.txg
fpack\story\story0110.fpk;fpack\story\story\0110.txg
fpack\story\story0111.fpk;fpack\story\story\0111.txg
fpack\story\story0112.fpk;fpack\story\story\0112.txg
fpack\story\story0113.fpk;fpack\story\story\0113.txg
fpack\story\story0114.fpk;fpack\story\story\0114.txg,fpack\story\hr\kid\3000.poo,fpack\story\hr\kid\3000.pro,fpack\story\hr\kid\3000.sam,fpack\story\hr\kid\3000.sdi
fpack\story\story0115.fpk;fpack\story\story\0115.txg,fpack\story\hr\gar\3000.poo,fpack\story\hr\gar\3000.pro,fpack\story\hr\gar\3000.sam,fpack\story\hr\gar\3000.sdi
fpack\story\story0116.fpk;fpack\story\story\0116.txg
fpack\story\story0117.fpk;fpack\story\story\0117.txg
fpack\story\story0118.fpk;fpack\story\story\0118.txg
fpack\story\story0119.fpk;fpack\story\story\0119.txg
fpack\story\story0120.fpk;fpack\story\story\0120.txg
fpack\story\story0121.fpk;fpack\story\story\0121.txg
fpack\story\story0122.fpk;fpack\story\story\0122.txg
fpack\story\story0123.fpk;fpack\story\story\0123.txg
fpack\story\story0124.fpk;fpack\story\story\0124.txg
fpack\story\story0125.fpk;fpack\story\story\0125.txg
fpack\story\story0190.fpk;fpack\story\story\0190.txg,fpack\story\tg\010\3000.poo,fpack\story\tg\010\3000.pro,fpack\story\tg\010\3000.sam,fpack\story\tg\010\3000.sdi
fpack\story\story0191.fpk;fpack\story\story\0191.txg,fpack\story\tg\010\3000.poo,fpack\story\tg\010\3000.pro,fpack\story\tg\010\3000.sam,fpack\story\tg\010\3000.sdi
fpack\story\story0210.fpk;fpack\story\story\0210.txg
fpack\story\story0211.fpk;fpack\story\story\0211.txg
fpack\story\story0212.fpk;fpack\story\story\0212.txg
fpack\story\story0213.fpk;fpack\story\story\0213.txg
fpack\story\story0214.fpk;fpack\story\story\0214.txg
fpack\story\story0215.fpk;fpack\story\story\0215.txg
fpack\story\story0216.fpk;fpack\story\story\0216.txg
fpack\story\story0217.fpk;fpack\story\story\0217.txg
fpack\story\story0218.fpk;fpack\story\story\0218.txg
fpack\story\story0219.fpk;fpack\story\story\0219.txg
fpack\story\story0220.fpk;fpack\story\story\0220.txg
fpack\story\story0221.fpk;fpack\story\story\0221.txg
fpack\story\story0222.fpk;fpack\story\story\0222.txg
fpack\story\story0223.fpk;fpack\story\story\0223.txg
fpack\story\story0224.fpk;fpack\story\story\0224.txg
fpack\story\story0225.fpk;fpack\story\story\0225.txg
fpack\story\story0226.fpk;fpack\story\story\0226.txg
fpack\story\story0227.fpk;fpack\story\story\0227.txg
fpack\story\story0228.fpk;fpack\story\story\0228.txg
fpack\story\story0229.fpk;fpack\story\story\0229.txg
fpack\story\story0230.fpk;fpack\story\story\0230.txg
fpack\story\story0231.fpk;fpack\story\story\0231.txg
fpack\story\story0232.fpk;fpack\story\story\0232.txg
fpack\unite\0000000.fpk;fpack\unite\te\000\3000.poo,fpack\unite\te\000\3000.pro,fpack\unite\te\000\3000.sam,fpack\unite\te\000\0000.mot,fpack\unite\te\000\3000.sdi
fpack\unite\0010000.fpk;fpack\unite\te\001\3000.poo,fpack\unite\te\001\3000.pro,fpack\unite\te\001\3000.sam,fpack\unite\te\001\0000.mot,fpack\unite\te\001\3000.sdi
fpack\unite\0020000.fpk;fpack\unite\te\002\3000.poo,fpack\unite\te\002\3000.pro,fpack\unite\te\002\3000.sam,fpack\unite\te\002\0000.mot,fpack\unite\te\002\3000.sdi
fpack\unite\0030000.fpk;fpack\unite\te\003\3000.poo,fpack\unite\te\003\3000.pro,fpack\unite\te\003\3000.sam,fpack\unite\te\003\0000.mot,fpack\unite\te\003\3000.sdi
fpack\unite\0040000.fpk;fpack\unite\te\004\3000.poo,fpack\unite\te\004\3000.pro,fpack\unite\te\004\3000.sam,fpack\unite\te\004\0000.mot,fpack\unite\te\004\3000.sdi
fpack\unite\0050000.fpk;fpack\unite\te\005\3000.poo,fpack\unite\te\005\3000.pro,fpack\unite\te\005\3000.sam,fpack\unite\te\005\0000.mot,fpack\unite\te\005\3000.sdi
fpack\unite\0060000.fpk;fpack\unite\te\006\3000.poo,fpack\unite\te\006\3000.pro,fpack\unite\te\006\3000.sam,fpack\unite\te\006\0000.mot,fpack\unite\te\006\3000.sdi
fpack\unite\0070000.fpk;fpack\unite\te\007\3000.poo,fpack\unite\te\007\3000.pro,fpack\unite\te\007\3000.sam,fpack\unite\te\007\0000.mot,fpack\unite\te\007\3000.sdi
fpack\unite\0080000.fpk;fpack\unite\te\008\3000.poo,fpack\unite\te\008\3000.pro,fpack\unite\te\008\3000.sam,fpack\unite\te\008\0000.mot,fpack\unite\te\008\3000.sdi
fpack\unite\0090000.fpk;fpack\unite\te\009\3000.poo,fpack\unite\te\009\3000.pro,fpack\unite\te\009\3000.sam,fpack\unite\te\009\0000.mot,fpack\unite\te\009\3000.sdi
fpack\unite\0100000.fpk;fpack\unite\te\010\3000.poo,fpack\unite\te\010\3000.pro,fpack\unite\te\010\3000.sam,fpack\unite\te\010\0000.mot,fpack\unite\te\010\3000.sdi
fpack\unite\0110000.fpk;fpack\unite\te\011\3000.poo,fpack\unite\te\011\3000.pro,fpack\unite\te\011\3000.sam,fpack\unite\te\011\0000.mot,fpack\unite\te\011\3000.sdi
fpack\unite\0120000.fpk;fpack\unite\te\012\3000.poo,fpack\unite\te\012\3000.pro,fpack\unite\te\012\3000.sam,fpack\unite\te\012\0000.mot,fpack\unite\te\012\3000.sdi
fpack\unite\0130000.fpk;fpack\unite\te\013\3000.poo,fpack\unite\te\013\3000.pro,fpack\unite\te\013\3000.sam,fpack\unite\te\013\0000.mot,fpack\unite\te\013\3000.sdi
fpack\unite\0140000.fpk;fpack\unite\te\014\3000.poo,fpack\unite\te\014\3000.pro,fpack\unite\te\014\3000.sam,fpack\unite\te\014\0000.mot,fpack\unite\te\014\3000.sdi